,id,Class,ProteinSequence
0,3VYWA,0,MKREEYLKNYLESYLRKKEVSLTEEEFNVILREFLRFAYNPEESGQEIADTADGSKTLIHKTYGEPYHSQTAGAIRESLYKFVRPSRILEKAKERKVIRILDVGFGLGYNLAVALKHLWEVNPKLRVEIISFEKELLKEFPILPEPYREIHEFLLERVPEYEGERLSLKVLLGDARKRIKEVENFKADAVFHDAFSPYKNPELWTLDFLSLIKERIDEKGYWVSYSSSLSVRKSLLTLGFKVGSSREIGRKRKGTVASLKAPVPPMEENEVRKLVLSPFAVPMRDEKLDKEPLEILIDYLLKVYKISR
1,4G1EB,0,GPNICTTRGVSSCQQCLAVSPMCAWCSDEALPLGSPRCDLKENLLKDNCAPESIEFPVSEARVLEDRPLSDKGSGDSSQVTQVSPQRIALRLRPDDSKNFSIQVRQVEDYPVDIYYLMDLSYSMKDDLWSIQNLGTKLATQMRKLTSNLRIGFGAFVDKPVSPYMYISPPEALENPCYDMKTTCLPMFGYKHVLTLTDQVTRFNEEVKKQSVSRNRDAPEGGFDAIMQATVCDEKIGWRNDASHLLVFTTDAKTHIALDGRLAGIVQPNDGQCHVGSDNHYSASTTMDYPSLGLMTEKLSQKNINLIFAVTENVVNLYQNYSELIPGTTVGVLSMDSSNVLQLIVDAYGKIRSKVELEVRDLPEELSLSFNATCLNNEVIPGLKSCMGLKIGDTVSFSIEAKVRGCPQEKEKSFTIKPVGFKDSLIVQVTFDCDCACQAQAEPNSHRCNNGNGTFECGVCRCGPGWLGSQCECSEEDYRPSQQDECSPREGQPVCSQRGECLCGQCVCHSSDFGKITGKYCECDDFSCVRYKGEMCSGHGQCSCGDCLCDSDWTGYYCNCTTRTDTCMSSNGLLCSGRGKCECGSCVCIQPGSYGDTCEKCPTCPDACTFKKECVECKKFDRGALHDENTCNRYCRDEIESVKELKDTGKDAVNCTYKNEDDCVVRFQYYEDSSGKSILYVVEEPECPKGPESMENLYFQSGGKNAQCKKKLQALKKKNAQLKWKLQALCTGHHHHHH
2,2LV9A,0,MHHHHHHSSGRENLYFQGSEDGSYGTDVTRCICGFTHDDGYMICCDKCSVWQHIDCMGIDRQHIPDTYLCERCQPRNLDKERAVLLQRRKRENMSDGD
3,4HVTA,0,MAHHHHHHMAMEDNNKQIFNPKETKFLEEAEGVEALEWAKERTSKTEKALQAMQEYKQIKKEIETIFYDQRKTPYGVIRKGYVYNFWMDDKNPQGLWRRTLVDNYSKDKPNWEVLIDFDKLSKKIGKKVAYRGVSNCFQNPNRYLISMSFGGKDEMFFREWDLEKKDFVKNGFEPITNSGKLLEGKFTYPTWINKDTIIFNLVLHKNEITSSLYPNSLYIWKRGESIEKAKKLFEVPKEYIYVSAGKLLSDTISSSLIFISANKDFYNYDNYILDTKYKNLKLQKINMPSDATLQGSFKEYVFWLLRSDWKFKSHNIKAGSLVALHFTDLLKTESDKTSLKILFTPTANEVFNFISTTKDRVFLATYDNVVAKVVTFTLENEQWTKPVVLKLPYQNAIFGMSSYEEEEEALITIENSIVPPTIYLWVKTHELKIIRKALYSFDSENYVLEQKEATSFDGVKIPYFLVYKKGIKFDGKNPTLLEAYGGFQVINAPYFSRIKNEVWVKNAGVSVLANIRGGGEFGPEWHKSAQGIKRQTAFNDFFAVSEELIKQNITSPEYLGIKGGSNGGLLVSVAMTQRPELFGAVACEVPILDMIRYKEFGAGHSWVTEYGDPEIPNDLLHIKKYAPLENLSLTQKYPTVLITDSVLDQRVHPWHGRIFEYVLAQNPNTKTYFLESKDSGHGSGSDLKESANYFINLYTFFANALKLKIN
4,2M0YA,0,MTRWVPTKREEKYGVAFYNYDARGADELSLQIGDTVHILETYEGWYRGYTLRKKSKKGIFPASYIHLKEAIVEG
5,4HPZA,1,SPAAQVDLRTLGYSQQQQEKIKPKVRSTVAQHHEALVGHGFTHAHIVALSQHPAALGTVAVKYQDMIAALPEATHEAIVGVGKQWSGACALEALLTVAGELRGPPLQLDTGQLLKIAKRGGVTAVEVHHTWRNALTGAPLNLTPDQVVAIASNIGGKQALETVQRLLPVLCQDHGLTPQQVVAIASNGGGKQALETVQRLLPVLCQAHGLTPDQVVAIASHDGGKQALETVQRLLPVLCQDHGLTPQQVVAIASNIGGKQALETVQRLLPVLCQDHGLTPDQVVAIASNDGGKQALETVQRLLPVLCQDHGLTPEQVVAIASNGGGKQALETVQRLLPVLCQAHGLTPDQVVAIASHDGGKQALETVQRLLPVLCQDHGLTPAQAVAIANNNGGKQALETVQRLLPVLCQDHGLTPDQVVAIASNGGGKQALESIVAQLSCPDPALAALTNDHLVALACLGGR
6,4FMZA,0,GAATLATLPAPINQIFPDADLAEGIRAVLQKASVTDVVTQEELESITKLVVAGEKVASIQGIEYLTNLEYLNLNGNQITDISPLSNLVKLTNLYIGTNKITDISALQNLTNLRELYLNEDNISDISPLANLTKMYSLNLGANHNLSDLSPLSNMTGLNYLTVTESKVKDVTPIANLTDLYSLSLNYNQIEDISPLASLTSLHYFTAYVNQITDITPVANMTRLNSLKIGNNKITDLSPLANLSQLTWLEIGTNQISDINAVKDLTKLKMLNVGSNQISDISVLNNLSQLNSLFLNNNQLGNEDMEVIGGLTNLTTLFLSQNHITDIRPLASLSKMDSADFANQVIKK
7,2LUYA,1,HMGKNDNDALIMCMRCRKVKGIDSYSKTQWSKTFTFVRGRTVSVSDPKVICRTCQPKQHDSIWCTACQQTKGINEFSKAQRHVLDPRCQICVHSQRN
8,4HAMA,0,SNAMFTINTKSQLPIYEQIVQKIKEQVVKGVLQEGEKILSIREFASRIGVNPNTVSKAYQELERQEVIITVKGKGTFIANQTDKLSSPKKLAETRTKLKETILDLVYLGVNIEEIHKLADEYSQDIIGGDVVEG
9,4GAKA,0,SNAMAFIQTDTFTLRGYECDAFGRMSIPALMNLMQESANRNAIDYGIGIADLAQKGVGWMLMRFCLRIHQYPRYGDTIQLMTYPTTVDKYFIHRDFRVLATDGTLLADARSTWLVFSMEKRSMVPLPDFIRQLSPPANVDPLPALPLKPDFQTASFATAASKSVQVGWLNIDQNQHVNNVAYVQWLLEGVDSEIVQTREIAEIDLVYRTESHWHDWLSVQSVTETDNSVLHRISQTESGKDVLLARSRWR
10,4H79A,1,GSMTTTETPKTISLTWVGTFVDQRVREIQEGYRLDNPRAVATLARLRRGAGKEIGDTPDLWGLILDDRFYADAPPLKEKDMEVAENSAHIALTLYAIHQQSRRDDRMHQRGWGLGEAVRRLMPSSEIDEPLRKRFVQVGHAVTYKALAQRLREIVTLLRRDAIPLDYGLLADQLYQFRTPQGAQRVRTAWGRGFHAYRPKTTQNPDSTTTTEKDNS
11,3TB6A,1,GIDPFTSAKSALHSNKTIGVLTTYISDYIFPSIIRGIESYLSEQGYSMLLTSTNNNPDNERRGLENLLSQHIDGLIVEPTKSALQTPNIGYYLNLEKNGIPFAMINASYAELAAPSFTLDDVKGGMMAAEHLLSLGHTHMMGIFKADDTQGVKRMNGFIQAHRERELFPSPDMIVTFTTEEKESKLLEKVKATLEKNSKHMPTAILCYNDEIALKVIDMLREMDLKVPEDMSIVGYDDSHFAQISEVKLTSVKHPKSVLGKAAAKYVIDCLEHKKPKQEDVIFEPELIIRQSARKLNE
12,4G7LA,0,MERPQLDSMSQDLSEALKEATKEVHIRAENSEFMRNFQKGQVSREGFKLVMASLYHIYTALEEEIERNKQNPVYAPLYFPEELHRRAALEQDMAFWYGPHWQEAIPYTPATQHYVKRLHEVGGTHPELLVAHAYTRYLGDLSGGQVLKKIAQKAMALPSSGEGLAFFTFPSIDNPTKFKQLYRARMNTLEMTPEVKHRVTEEAKTAFLLNIELFEELQALLTEEHKDQSPSQTEFLRQRPASLVQDTTSAETPRGKSQISTSSSQTP
13,4HC6A,0,GIVGVGIDLVSIPDFAEQVDQPGTVFAETFTPGERRDASDKSSSAARHLAARWAAKEAVIKAWSGSRFAQRPVLPADIHRDIEVVTDMWGRPRVRLTGAIAEYLADVTIHVSLTHEGDTAAAVAILEAP
14,4A11B,1,MLGFLSARQTGLEDPLRLRRAESTRRVLGLELNKDRDVERIHGGGINTLDIEPVEGRYMLSGGSDGVIVLYDLENSSRQSYYTCKAVCSIGRDHPDVHRYSVETVQWYPHDTGMFTSSSFDKTLKVWDTNTLQTADVFNFEETVYSHHMSPVSTKHCLVAVGTRGPKVQLCDLKSGSCSHILQGHRQEILAVSWSPRYDYILATASADSRVKLWDVRRASGCLITLDQHNGKKSQAVESANTAHNGKVNGLCFTSDGLHLLTVGTDNRMRLWNSSNGENTLVNYGKVCNNSKKGLKFTVSCGCSSEFVFVPYGSTIAVYTVYSGEQITMLKGHYKTVDCCVFQSNFQELYSGSRDCNILAWVPSLYEPVPDDDETTTKSQLNPAFEDAWSSSDEEGGTSAWSHPQFEK
15,3W03C,1,MGSSHHHHHHSSGLVPRGSHMERKISRIHLVSEPSITHFLQVSWEKTLESGFVITLTDGHSAWTGTVSESEISQEADDMAMEKGKYVGELRKALLSGAGPADVYTFNFSKESCYFFFEKNLKDVSFRLGSFNLEKVENPAEVIRELICYCLDTIAENQAKNEHLQKENERLLRDWNDVQGRFEK
16,4BBKA,0,MAHHHHHHSSGLEVLFQGPEDITDIPKLADYLKLFRPKKLMLKACKQYWFVFKDTSIAYFKNKELEQGEPIEKLNLRGCEIVPDVNVSGRKFGIKLLIPVADGMNEVYLRCDHEDQYARWMAACILASKGKTMADSSYQPEVISILSFLKMKNRNSSPLVASSLE
17,4G6DA,1,MKEQLEDVLDTLTDREENVLRLRFGLDDGRTRTLEEVGKVFGVTRERIRQIEAKALRKLRHPSRSKRLKDFMD
18,4GNVA,0,MAHHHHHHMKTTPGPVMLDVVGTTLSRDDARRLAHPNTGGVILFARHFQNRAQLTALTDSIRAVREDILIAVDHEGGRVQRFRTDGFTVLPAMRRLGELWDRDVLLATKVATAVGYILAAELRACGIDMSFTPVLDLDYGHSKVIGDRAFHRDPRVVTLLAKSLNHGLSLAGMANCGKHFPGHGFAEADSHVALPTDDRTLDAILEQDVAPYDWLGLSLAAVIPAHVIYTQVDKRPAGFSRVWLQDILRGKLGFTGAIFSDDLSMEAAREGGTLTQAADAALAAGCDMVLVCNQPDAAEVVLNGLKARASAESVRRIKRMRARGKALKWDKLIAQPEYLQAQALLSSALA
19,3VZIA,1,GHMSYGVRLHVWGERALFTRPEMKVERVSYDIITPSAARGILEAIHWKPAIRWVVDSIQVLKPICFESIRRNEVGSKLSAASISKAIKAGRTDELVKYVEEDRQQRAATVLREVGYIIAAHFEMTDKAGPDDNVGKHLDIFNRRARRGQCFQAPCLGTREFPASFALLGDDDTPPASDPALSGERDLGWMLHDIDFADGMTPRFFRARMVDGLVAVPPPQDGGVRA
20,3TEKA,1,MGEELREEERGEVRSELITKGEKKLVLIRWNTGKTSAGRLFGRYGPGGRPEFFKLLFGAVAGSLREQFGPDGENIFNRIRDSEKFRETSRELFDGLKKWFFEEAVPRYNLERGDIFMISTELVLDPDTGELLWNRDKTQLIYWIRSDR
21,2LZEA,0,MGAPVPYPDPLEPRGGKHICAICGNNAEDYKHTDMDLTYTDRDYKNCESYHKCSDLCQYCRYQKDLAIHHQHHHGGSMGMSGSGTGY
22,4H3HB,0,MGSSHHHHHHSSGLVPRGSHMPSSPLRVAVVSSSNQNRSMEAHNILSKRGFSVRSFGTGTHVKLPGPAPDKPNVYDFKTTYDQMYNDLLRKDKELYTQNGILHMLDRNKRIKPRPERFQNCKDLFDLILTCEERVYDQVVEDLNSREQETCQPVHVVNVDIQDNHEEATLGAFLICELCQCIQHTEDMENEIDELLQEFEEKSGRTFLHTVCFY
23,4GGDA,0,GAPSKPGGDRYIPHRSAAQMEVASFLLSKENQPENSQTPTKKEHQKAWALNLNGFDVEEAKILRLSGKPQNAPEGYQNRLKVLYSQKATPGSSRKTCRYIPSLPDRILDAPEIRNDYYLNLVDWSSGNVLAVALDNSVYLWSASSGDILQLLQMEQPGEYISSVAWIKEGNYLAVGTSSAEVQLWDVQQQKRLRNMTSHSARVGSLSWNSYILSSGSRSGHIHHHDVRVAEHHVATLSGHSQEVCGLRWAPDGRHLASGGNDNLVNVWPSAPGEGGWVPLQTFTQHQGAVKAVAWCPWQSNVLATGGGTSDRHIRIWNVCSGACLSAVDAHSQVCSILWSPHYKELISGHGFAQNQLVIWKYPTMAKVAELKGHTSRVLSLTMSPDGATVASAAADETLRLWRCFELDPARRREREKASAAKSSLIHQGIR
24,3TRBA,1,SNAMAANRMRPIHPGEILAEELGFLDKMSANQLAKHLAIPTNRVTAILNGARSITADTALRLAKFFGTTPEFWLNLQDAYDIKMALKKSGKKIEKEVTPYDQAA
25,4JLXA,1,GAMGAWKLQTVLEKVRLSRHEISEAAEVVNWVVEHLLRRLQGGESEFKGVALLRTGSYYERVKISAPNEFDVMFKLEVPRIQLEEYCNSGAHYFVKFKRNPGGNPLEQFLEKEILSASKMLSKFRKIIKEEIKNIEDTGVTVERKRRGSPAVTLLISKPKEISVDIILALESKSSWPASTQKGLPISQWLGAKVKNNLKRQPFYLVPKHAKEGSGFQEETWRLSFSHIEKDILKNHGQSKTCCEIDGVKCCRKECLKLMKYLLEQLKKKFGNRRELAKFCSYHVKTAFFHVCTQDPHDNQWHLKNLECCFDNCVAYFLQCLKTEQLANYFIPGVNLFSRDLIDKPSKEFLSKQIEYERNNGFPVFW
26,4B9KC,0,SMSENLYFQGSMEAGRPRPVLRSVNSREPSQVIFCNRSPRVVLPVWLNFDGEPQPYPTLPPGTGRRIHSYRGHLWLFRDAGTHDGLLVNQTELFVPSLNVDGQPIFANITLPVYTLKERCLQVVRSLVKPENYRRLDIVRSLYEDLEDHPNVQKDLERLTQERIAHQRMGD
27,3J21k,0,MAHVAEWKKKEVEELANLIKSYPVVALVDVSSMPAYPLSQMRRLIRENNGLLRVSRNTLIELAIKKVAQELGKPELEKLINYIEGGAGILVTTMNPFKLYKFLQQNRQPAPAKPGAKVPKDVVIPAGPTSLAPGPIVGQMQAMGIPARIERGKVTIQKDTVVLKAGEEITPELANILNALGIQPLEVGLDLLAVYEDGIIYTPDVLAIDESEYINMLQKAYMHAFNLAVNIAYPTPQTIEAIIQKAFLNAKAVAVEAGYITKETISDIIGRAIRAMLLLAQQLPEDVLDEKTKELLSAQAQVSVAQVEEEKKEEKVEEEKEDEEASEEEALAGLSALFG
28,4HLXA,1,MHHHHHHSSGVDLGTENLYFQSMGKASIKDWIVCQVNSGKFPGVEWEDEERTRFRIPVTPLADPCFEWRRDGELGVVYIRERGNMPVDASFKGTRGRRRMLAALRRTRGLQEIGKGISQDGHHFLVFRVRKP
29,4FZQA,0,SEFTTKERKVEEALPIKEEIRYDASLPLGKSYLLQEGKAGKKVSVYQDVIVDGKVMATNLLSETVVEGQNRILVKGSLE
30,4FMWA,0,GPNSDGHDRKRVRRDVVHSTLRLIIDCSFDHLMVLKDIKKLHKQIQRCYAENRRALHPVQFYLTSHGGQLKKNMDENDKGWVNWKDIHIKPEHYSELIKKEDLIYLTSDSPNILKELDESKAYVIGGLVDHNHHKGLTYKQASDYGINHAQLPLGNFVKMNSRKVLAVNHVFEIILEYLETRDWQEAFFTILPQRKG
31,4FQDA,0,MQDRWREPAPPGEPLLEIHGGNRLSGAVRTSGFKHSLVTTVAAAATASAPVRIENCPDIVETAVLGEIFRAAGAHAHYDGADETFTVDASAWDRAELPADLVGRIHGSLYLLPALVSRNGVARLSASGGCPIGEGPRGRPDEHLLDVMGRFGVTTRLTADGSVDLTAQRLTPCTIDMLDYTRNKALMSGPCYSGAVKTALLMGAVTHGTTTLQHPYLKPDVTDMVTVLRDLGADIEFAGPETWVIHGRGPESLHRPVDVTLIPDLIEVVTWICAGVLLADEPLRITGPGIDRAVHALAPEFDLLDRMGVRVDVGADEVTAHPLTKPLRPVEFTAMSRGVFSDSQPFLALLGAYAEGPTYIREAVWEHRFGFAPELEALGIRTAVDDTVLRVDGPCPPHRPGTDLRATDLRAAAVLLLAALAVPGRTTLRNHHHLARGYRDLVEDLVKLGADIRHTTAPDVRPKPPAGAGVDPAHHHHHH
32,3VPRA,1,VTTTRDRILEEAAKLFTEKGYEATSVQDLAQALGLSKAALYHHFGSKEEILYEISLLALKGLVAAGEKALEVADPKEALRRFMEAHARYFEENYPFFVTMLQGIKSLSPENRLKTIALRDRHEENLRAILRRGVEQGVFREVDVALAGRAVLSMLNWMIRWFRPDGPMRAEEVARAYHDLILRGLERGSA
33,4HGAB,0,MARTKQTARKSTGGKAPRKQLATKAARKSAPSTGGVKKPHRYRPGTVALREIRRYQKSTELLIRKLPFQRLVREIAQDFKTDLRFQSAAIGALQEASEAYLVGLFEDTNLCAIHAKRVTIMPKDIQLARRIRGERA
34,4DKYA,1,MNKAELIDVLTQKLGSDRRQATAAVENVVDTIVRAVHKGDSVTITGFGVFEQRRRAARVARNPRTGETVKVKPTSVPAFRPGAQFKAVVSGAQRLPAEGPHHHHHH
35,4A11A,1,MHHHHHHVDENLYFQGGGRMSYNYVVTAQKPTAVNGCVTGHFTSAEDLNLLIAKNTRLEIYVVTAEGLRPVKEVGMYGKIAVMELFRPKGESKDLLFILTAKYNACILEYKQSGESIDIITRAHGNVQDRIGRPSETGIIGIIDPECRMIGLRLYDGLFKVIPLDRDNKELKAFNIRLEELHVIDVKFLYGCQAPTICFVYQDPQGRHVKTYEVSLREKEFNKGPWKQENVEAEASMVIAVPEPFGGAIIIGQESITYHNGDKYLAIAPPIIKQSTIVCHNRVDPNGSRYLLGDMEGRLFMLLLEKEEQMDGTVTLKDLRVELLGETSIAECLTYLDNGVVFVGSRLGDSQLVKLNVDSNEQGSYVVAMETFTNLGPIVDMCVVDLERQGQGQLVTCSGAFKEGSLRIIRNGIGIHEHASIDLPGIKGLWPLRSDPNRETDDTLVLSFVGQTRVLMLNGEEVEETELMGFVDDQQTFFCGNVAHQQLIQITSASVRLVSQEPKALVSEWKEPQAKNISVASCNSSQVVVAVGRALYYLQIHPQELRQISHTEMEHEVACLDITPLGDSNGLSPLCAIGLWTDISARILKLPSFELLHKEMLGGEIIPRSILMTTFESSHYLLCALGDGALFYFGLNIETGLLSDRKKVTLGTQPTVLRTFRSLSTTNVFACSDRPTVIYSSNHKLVFSNVNLKEVNYMCPLNSDGYPDSLALANNSTLTIGTIDEIQKLHIRTVPLYESPRKICYQEVSQCFGVLSSRIEVQDTSGGTTALRPSASTQALSSSVSSSKLFSSSTAPHETSFGEEVEVHNLLIIDQHTFEVLHAHQFLQNEYALSLVSCKLGKDPNTYFIVGTAMVYPEEAEPKQGRIVVFQYSDGKLQTVAEKEVKGAVYSMVEFNGKLLASINSTVRLYEWTTEKELRTECNHYNNIMALYLKTKGDFILVGDLMRSVLLLAYKPMEGNFEEIARDFNPNWMSAVEILDDDNFLGAENAFNLFVCQKDSAATTDEERQHLQEVGLFHLGEFVNVFCHGSLVMQNLGETSTPTQGSVLFGTVNGMIGLVTSLSESWYNLLLDMQNRLNKVIKSVGKIEHSFWRSFHTERKTEPATGFIDGDLIESFLDISRPKMQEVVANLQYDDGSGMKREATADDLIKVVEELTRIH
36,4G59A,0,MLDDAHSLRCNLTIKAPTPADPLWYEAKCLVDEILILHLSNINKTMTSGDPGETANATEVGECLTQPVNDLCQKLRDKVSNTKVDTHKTNGYPHLQVTMIYPQSQGQTPSATWEFNISDSYFFTFYTENMSWRSANDESGVIMNKWNDDGDLVQRLKYFIPECRQKIDEFLKQSKEKPRSTSRSPSITQLTSTSPLPPPSHSTSK
37,4G6DB,1,MKLKILDKDNATLNVFHRNKEHKTIDNVPTANLVDWYPLSNAYEYKLSRNGEYLELKRLRSTLPSSYGLDDNNQDIIRDNNHRCKIGYWYNPAVRKDNLKIIEKAKQYGLPIITEEYDANTVEQGFRDIGVIFQSLKTIVVTRYLEGKTEEELRIFNMKSEESQLNEALKESDFSVDLTYSDLGQIYNMLLLMKKISK
38,4H63F,0,GSHMASGAPPSVDLTSIQWRMPEWVQSMGGLRTENVLEYFSQSPFYSHKSNNEMLKMQSQFNALDLGDLNSQLKRLTGIQFVIIHERPPFLWVIQKQNRLNENEVKPLTVYFVCNENIYMAPNAYTLLATRMLNATYCFQKALTKIEKFPQYNPQEGYTYPKLSNDNLEVDHSNTNEPADENK
39,4GOSA,0,GISGRHSITVTTVASAGNIGEDGILSCTFEPDIKLSDIVIQWLKEGVLGLVHEFKEGKDELSEQDEMFRGRTAVFADQVIVGNASLRLKNVQLTDAGTYKCYIITSKGKGNANLEYKTGHHHHHH
40,4B4TO,0,MFNNHEIDTILSTLRMEADPSLHPLFEQFEKFYEEKLWFQLSESLTKFFDDAKSTPLRLRLYDNFVSKFYDKINQLSVVKYLLASLKDSKDFDESLKYLDDLKAQFQELDSKKQRNNGSKDHGDGILLIDSEIARTYLLKNDLVKARDLLDDLEKTLDKKDSIPLRITNSFYSTNSQYFKFKNDFNSFYYTSLLYLSTLEPSTSITLAERQQLAYDLSISALLGDKIYNFGELLHHPIMETIVNDSNYDWLFQLLNALTVGDFDKFDSLIKVQISKIPILAQHESFLRQKICLMTLIETVFVKNIRMLSFEDISKATHLPKDNVEHLVMRAISLGLLKGSIDQVNELVTISWVQPRIISGDQITKMKDRLVEWNDQVEKLGKKMEARGQSIWV
41,4G4KA,1,MDNSVETIELKRGSNSVYVQYDDIMFFESSTKSHRLIAHLDNRQIEFYGNLKELSQLDDRFFRCHNSFVVNRHNIESIDSKERIVYFKNKEHCYASVRNVKKI
42,4I99C,1,KKVEIDEEIFVIDDFRVDIEKYVEELYKVVKKIYEKTGTPIKFWDLVPDVEPKIIARTFLYLLFLENMGRVEIIQEEPFGEILVVPM
43,4EOGA,1,MGMRVLVTTWGNPFQWEPITYEYRGIKVKSRNTLPILVKTLEPERILILVADTMANYYDSGKNKPEIEEKSFSSYSEVVEDTKERILWHIKEEVIEELREEDPELAKKIENMLKDERITIEVLPGVGVFGNITVEGEMLDFYYYATYKLAEWLPVQNNLEVYLDLTHGINFMPTFTYRALRNLLGLLAYLYNVKFEIVNSEPYPLGVSQEIREDTILHIREIGEGVVRPRPQYSPVEGKLYWNAFISSVANGFPLVFASFYPNIRDVEDYLNKKLEEFLVGIEVGEREDGKPYVKREKALDRSFKNASKLYYALRVFNTKFQNYPKKEVPIEEIMEISKIFESLPRIGIILERQVEWLRNLVYGRLWYENGEQKIKKGLLEIIKDKKDKRKEAEALKKGKTISLAEAAKLTRIFSPSGERIETIESPNVVRNFIAHSGFEYNIVYVKYDRLSDRLYFFYKDKEKAANLAYEALLYRGEKE
44,4AD8A,1,GIDPFTMTRKARTPKAAPVPEAVAVVEPPPPDAAPTGPRLSRLEIRNLATITQLELELGGGFCAFTGETGAGKSIIVDALGLLLGGRANHDLIRSGEKELLVTGFWGDGDESEADSASRRLSSAGRGAARLSGEVVSVRELQEWAQGRLTIHWQHSAVSLLSPANQRGLLDRRVTKEAQAYAAAHAAWREAVSRLERLQASQRERARQIDLLAFQVQEISEVSPDPGEEEGLNTELSRLSNLHESSKHPTSLVPRGSGSAADPEALDRVEARLSALSKLKNKYGPTLEDVVEFGAQAAEELAGLEEDERDAGSLQADVDALHAELLKVGQALDAAREREAEPLVDSLLAVIRELGMPHARMEFALSALAEPAAYGLSDVLLRFSANPGEELGPLSDVASGGELSRVMLAVSTVLGADTPSVVFDEVDAGIGGAAAIAVAEQLSRLADTRQVLVVTHLAQIAARAHHHYKVEKQVEDGRTVSHVRLLTGDERLEEIARMLSGNTSEAALEHARELLAG
45,3UX8A,1,MGSSHHHHHHSSGLVPRGSHMDKIIVKGARAHNLKNIDVEIPRGKLVVLTGLSGSGKSSLAFDTIYAEGQRRYVESLSAYARQFLGQMEKPDVDAIEGLSPAISIDQKTTSRNPRSTVGTVTEIYDYLRLLFARIGRLVGGKHIGEVTAMSVTEALAFFDGLELTEKEAQIARLILREIRDRLGFLQNVGLDYLTLSRSAGTLSGGEAQRIRLATQIGSRLTGVLYVLDEPSIGLHQRDNDRLIATLKSMRDLGNTLIVVEHDEDTMLAADYLIDIGPGAGIHGGEVVAAGTPEEVMNDPNSLTGQYLSGKKFIPIPAERRRPDGRWLEVVGAREHNLKNVSVKIPLGTFVAVTGVSGSGKSTLVNEVLYKALAQKLHRAKAKPGEHRDIRGLEHLDKVIDIDQSPIGRTPRSNPATYTGVFDDIRDVFASTNEAKVRGYKKGRFSFNVKGGRCEACHGDGIIKIEMHFLPDVYVPCEVCHGKRYNRETLEVTYKGKNIAEVLDMTVEDALDFFASIPKIKRKLETLYDVGLGYMKLGQPATTLSGGEAQRVKLAAELHRRSNGRTLYILDEPTTGLHVDDIARLLDVLHRLVDNGDTVLVIEHNLDVIKTADYIIDLGPEGGDRGGQIVAVGTPEEVAEVKESHTGRYLKPILERDRARMQARYEAAKA
46,4IAOC,0,GSMNTIITHPGKMELVYVSDSDDSSSDNDSLTDLESLSSGESNEIKVTNDLDTSAEKDQIQAGKWFDPVLDWRKSDRELTKNILWRIADKTTYDKETITDLIEQGIPKHSYLSGNPLTSVTNDICSVENYETSSAFFYQQVHKKDRLQYLPLYAVSTFE
47,3QODA,1,SNAMSNDVDLIKRLGPSAMDQIMLYLAFSAMRTSGHRHGAFLDAAATAAKCAIYMTYLEQGQNLRMTGHLHHLEPKRVKAIVEEVRQALTEGKLLKMLGSQEPRYLIQFPYVWMEKYPWRPGRSRIPGTSLTSEEKRQIEQKLPSNLPDAHLITSFEFLELIEFLHKRSQEDLPKEHQMPLSEALAEHIKRRLLYSGTVTRIDSPWGMPFYALTRPFYAPADDQERTYIMVEDTARFFRMMRDWAEKRPNTMRVLEELDILPEKMQQAKDELDEIIRAWADKYHQDDGVPVVLQMVFGKKED
48,3TUOA,1,GPGSGTMLPVFCVVEHYENAIEYDCKEEHAEFVLVRKDMLFNQLIEMALLSLGYSHSSAAQAKGLIQVGKWNPVPLSYVTDAPDATVADMLQDVYHVVTLKIQLH
49,4EXWA,1,GIDPFTMLHIEFITDLGAKVTVDVESADKLLDVQRQYGRLGWTSGEVPVGGYQFPLENEPDFDWSLIGARKWTNPEGEEMILHRGHAYRRRELEAVDSRKMKLPAAVKYSRGAKNTDPEHVREKADGEFEYVTLAIFRGGKRQERYAVPGSNRPQAGAPARSAATRAQGARPGAVAVQDEETPF
50,4ABXA,1,GIDPFTQRERARQIDLLAFQVQEISEVSPDPGEEEGLNTELSRLSNLHTIAQAAAGGVELLSDGDLNAAGLIGEAVRALNAGAKYDETVMQLQNELRAALESVQAIAGELRDVAEGSAADPEALDRVEARLSALSKLKNKYGPTLEDVVEFGAQAAEELAGLEEDERDAGSLQAD
51,4HY3A,0,MHHHHHHSSGVDLGTENLYFQSMTNTERPLAISAPEPRSLDLIFSDEARAALHSKYEIVEADPENIAGLGDDILGRARYIIGQPPLSAETLARMPALRSILNVESNLLNNMPYEVLFQRGIHVVTTGQVFAEPVAEIGLGFALALARGIVDADIAFQEGTELWGGEGNASARLIAGSEIGIVGFGDLGKALRRVLSGFRARIRVFDPWLPRSMLEENGVEPASLEDVLTKSDFIFVVAAVTSENKRFLGAEAFSSMRRGAAFILLSRADVVDFDALMAAVSSGHIVAASDVYPEEPLPLDHPVRSLKGFIRSAHRAGALDSAFKKMGDMVLEDMDLMDRGLPPMRCKRAERETVSRMRSKPVAVN
52,4G9JA,0,GMSDSEKLNLDSIIGRLLEVQGSRPGKNVQLTENEIRGLCLKSREIFLSQPILLELEAPLKICGDIHGQYYDLLRLFEYGGFPPESNYLFLGDYVDRGKQSLETICLLLAYKIKYPENFFLLRGNHECASINRIYGFYDECKRRYNIKLWKTFTDCFNCLPIAAIVDEKIFCCHGGLSPDLQSMEQIRRIMRPTDVPDQGLLCDLLWSDPDKDVQGWGENDRGVSFTFGAEVVAKFLHKHDLDLICRAHQVVEDGYEFFAKRQLVTLFSAPNYCGEFDNAGAMMSVDETLMCSFQILKPADKNKGKYGQFSGLNPGGRPITPPRNSAKAKK
53,3W1SC,0,GAHMNIQKIQIKFQPIGSIGQLKPSVCKISMSQSFAMVILFLKRRLKMDHVYCYINNSFAPSPQQNIGELWMQFKTNDELIVSYCASVAFG
54,4BLFA,1,RRTDEYILVRQTGQDKFAGTTKCNLDHLPTKAEFNASCRLYRDGVGNYYPPPLAFERIDLPEQLAAQLHNLEPREQSKQCFQYKLEVWNRAHAEMGITGTDIFYQTDKNIKLDRNYKLRPEDRYIQTEKYGRREIQKRYEHQFQAGSLLPDILIKTPQNDIHFSYRFAGDAYANKRFEEFERAIKTKYGSDTEIKLKSKSGIMHDSKYLESWERGSADIRFAEFAG
55,4HESA,0,SNAMEKLIVGKSLEHQLDTVIKELAPAGNISYAVLQFDDEEEPTLIAARGENTVHSSASLIKVLIMEYVFHLARTEQLDINDTVPLSRTPRVEGGGALQELVGKHSFTYLELCRLMMVLSDNIATNLLITVLGMENINARAEKLGVDEMELNRMMMDFNALAEGRDNHITAMSLARLYKHIFECRDRDVYGREMWNILGRQQFRDILPFYWGEGIRFHHKTGSLDRVEHDGGVIETFRGHFCFILLMSDIDNDRGKELGAQVGRIMKEFVEEALP
56,4DG7A,1,MGSSHHHHHHSSGLVPRGSHMSNFVNLDIFSNYQKYIDNEQEVRENIRIVVREIEHLSKEAQIKLQIIHSDLSQISAACGLARKQVELCAQKYQKLAELVPAGQYYRYSDHWTFITQRLIFIIALVIYLEAGFLVTRETVAEMLGLKISQSEGFHLDVEDYLLGILQLASELSRFATNSVTMGDYERPLNISHFIGDLNTGFRLLNLKNDGLRKRFDALKYDVKKIEEVVYDVSIRGLSSKEKDQQEEPAVPATE
57,3VIBA,1,MRKTKTEALKTKEHLMLAALETFYRKGIARTSLNEIAQAAGVTRDALYWHFKNKEDLFDALFQRICDDIENCIAQDAADAEGGSWTVFRHTLLHFFERLQSNDIHYKFHNILFLKCEHTEQNAAVIAIARKHQAIWREKITAVLTEAVENQDLADDLDKETAVIFIKSTLDGLIWRWFSSGESFDLGKTAPRIIGIMMDNLENHPCLRRK
58,3ULJA,1,GSDPQVLRGSGHCKWFNVRMGFGFISMTSREGSPLENPVDVFVHQSKLYMEGFRSLKEGEPVEFTFKKSSKGFESLRVTGPGGNPCLGNE
59,4FL4C,0,MPTITPNKLTLKIGRAEGRPGDTVEIPVNLYGVPQKGIASGDFVVSYDPNVLEIIEIEPGELIVDPNPTKSFDTAVYPDRKMIVFLFAEDSGTGAYAITEDGVFATIVAKVKEGAPEGFSAIEISEFGAFADNDLVEVETDLINGGVLVTNKPVIEGYKVSGYILPDFSFDATVAPLVKAGFKVEIVGTELYAVTDANGYFEITGVPANASGYTLKISRATYLDRVIANVVVTGDTSVSTSQAPIMMWVGDIVKDNSINLLDVAEVIRCFNATKGSANYVEELDINRNGAINMQDIMIVHKHFGATSSDYDAQLEHHHHHH
60,4FM4B,0,MDGMHDLGGKQGFGPVIKTHNAKAFHEEWEVKMNAISGALVSKGIYNMDEYRHGIERMEPRHYLTASYFERVFTTAVTLCIEKGVFTAAELEAKLGTSVPLSLPSSPGRQPAKGPEGGFKLGQRVHVKNEFVPGHTRFPAYIRGKAGVVVGISPAYPYPDAAAHGEYGFSEPTYDVCFKSKDLWPDGCEAADVHVGVFQSYLLSAE
61,2LYHA,1,MGSSHHHHHHSSHMLVPRGSLEPSKNPLLGKKRALLLSEPSLLRTVQQIPGVGKVKAPLLLQKFPSIQQLSNASIGELEQVVGQAVAQQIHAFFTQPR
62,4B2XA,0,HHHHHHGSMAMKRKGIILAGGSGTRLHPATLAISKQLLPVYDKPMIYYPLSTLMLAGIREILIISTPQDTPRFQQLLGDGSNWGLDLQYAVQPSPDGLAQAFLIGESFIGNDLSALVLGDNLYYGHDFHELLGSASQRQTGASVFAYHVLDPERYGVVEFDQGGKAISLEEKPLEPKSNYAVTGLYFYDQQVVDIARDLKPSPRGELEITDVNRAYLERGQLSVEIMGRGYAWLDTGTHDSLLEAGQFIATLENRQGLKVACPEEIAYRQKWIDAAQLEKLAAPLAKNGYGQYLKRLLTETVY
63,4HPQC,0,MNEAVIEKLLENSRKFLTGAKLICQESNDHLTTTKLRIREWQKFQSKLHFVLDCIQQQTKFLSEILLREGIGRNLIEEEWSQTVLVRLVNDMKFWQNEITKMMNKLDNITNEIDQQHNSKLGDFISRDSSHILDSKLNEIPTIRKQVENITRQYQTMLAKVQSQLVESRMKGLRDEFSSKFGDQCRENLKLNEEFTNEADQLEQELADFLKSFTDHFDKCSALSSRSVSPEDAQNLFEIVERDDKDLAAINSLLQDAAIDVASFVRKVNMLLDERDADKAKMQATLSKLLTELRKHEEYISVFEGISALIQKFKASCLEDIRQTRNLLDFYANFERSYHNLLKEVKRRKETAAKLSQILKSCETQLEQINTADLRERQMFLLENGNYLPETIWPDEIGSLSPLYTLNYEVRKV
64,4HCEA,0,KAISYEQLSLASVGSVERLEGKIVGMNPPQFASINEFKYCTLKLYFTQLLPNVPDKVLVPGVNCIEIVIPTRERICELFGVLNCQSDKISDILLLEKPDRISVEVERILWDNDKTASPGMAVWSLKNISTDTQAQAQVQVPAQSSASIDPSR
65,4FE7A,1,MGSSHHHHHHSSGLVPRGSHMFTKRHRITLLFNANKAYDRQVVEGVGEYLQASQSEWDIFIEEDFRARIDKIKDWLGDGVIADFDDKQIEQALADVDVPIVGVGGSYHLAESYPPVHYIATDNYALVESAFLHLKEKGVNRFAFYGLPESSGKRWATEREYAFRQLVAEEKYRGVVYQGLETAPENWQHAQNRLADWLQTLPPQTGIIAVTDARARHILQVCEHLHIPVPEKLCVIGIDNEELTRYLSRVALSSVAQGARQMGYQAAKLLHRLLDKEEMPLQRILVPPVRVIERRSTDYRSLTDPAVIQAMHYIRNHACKGIKVDQVLDAVGISRSNLEKRFKEEVGETIHAMIHAEKLEKARSLLISTTLSINEISQMCGYPSLQYFYSVFKKAYDTTPKEYRDVNSEVML
66,2LYVA,0,GGSKSESPKEPEQLRKLFIGGLSFETTDESLRSHFEQWGTLTDCVVMRDPNTKRSRGFGFVTYATVEEVDAAMNARPHKVDGRVVEPKRAVSREDSQRPGAHLTVKKIFVGGIKEDTEEHHLRDYFEQYGKIEVIEIMTDRGSGKKRGFAFVTFDDHDSVDKIVIQKYHTVNGHNCEVRKALSKQEMASASSSQRGR
67,4HD0A,1,HHHHHHMKFAHLADIHLGYEQFHKPQREEEFAEAFKNALEIAVQENVDFILIAGDLFHSSRPSPGTLKKAIALLQIPKEHSIPVFAIEGNHDRTQRGPSVLNLLEDFGLVYVIGMRKEKVENEYLTSERLGNGEYLVKGVYKDLEIHGMKYMSSAWFEANKEILKRLFRPTDNAILMLHQGVREVSEARGEDYFEIGLGDLPEGYLYYARGHIHKRYETSYSGSPVVYPGSLERWDFGDYEVRYEWDGIKFKERYGVNKGFYIVEDFKPRFVEIKVRPFIDVKIKGSEEEIRKAIKRLIPLIPKNAYVRLNIGWRKPFDLTEIKELLNVEYLKIDTWRI
68,4GF2A,0,QYTFIQKRTHLFACGIKRKSIKWICRENSEKITVCVPDRKIQLCIANFLNSRLETMEKFKEIFLISVNTEAKLLYNKNEGKDPSIFCNELRNSFSDFRNSFIGDDMDFGGNTDRVKGYINKKFSDYYKEKNVEKLNNIKKEWWEKNKANLWNHMIVNHKGNIAKECAIIPAEEPQINLWIKEWNENFLMEKKRLFLNIKDKCVENKKYEACFGGCRLPCSSYTSFMKKSKTQMEVLTNLYKKKNSGVDKNNFLNDLFKKNNKNDLDDFFKNEKEYDDLCDCRYTATIIKSFLNGPAKNDVDIASQINVNDLRGFGCNYKSNNEKSWNCAGTFTNKFPGTCEPPRRQTLCLGRTYLLHRGHEEDYKEHLLGASIYEAQLLKYKYKEKDENALCSIIQNSYADLADIIKGSDIIKDYYGKKMEENLNKVNKDKKRNEESLKIFREKWWDENKENVWKVMSAVLKNKETCKDYDKFQKIPQFLRWFKEWGDDFCEKRKEKIYSFESFKVECKKKDCDENTCKNKCSEYKKWIDLKKSEYEKQVDKYTKDKNKKMYDNIDEVKNKEANVYLKEKSKECKDVNFDDKIFNEAPNEYEDMCKKCDEIKYLNEIKYPKTKHD
69,3ZQJA,1,MGHHHHHHHHHHSSGHIEGRHMADRLIVKGAREHNLRSVDLDLPRDALIVFTGLSGSGKSSLAFDTIFAEGQRRYVESLSAYARQFLGQMDKPDVDFIEGLSPAVSIDQKSTNRNPRSTVGTITEVYDYLRLLYARAGTPHCPTCGERVARQTPQQIVDQVLAMPEGTRFLVLAPVVRTRKGEFADLFDKLNAQGYSRVRVDGVVHPLTDPPKLKKQEKHDIEVVVDRLTVKAAAKRRLTDSVETALNLADGIVVLEFVDHELGAPHREQRFSEKLACPNGHALAVDDLEPRSFSFNSPYGACPECSGLGIRKEVDPELVVPDPDRTLAQGAVAPWSNGHTAEYFTRMMAGLGEALGFDVDTPWRKLPAKARKAILEGADEQVHVRYRNRYGRTRSYYADFEGVLAFLQRKMSQTESEQMKERYEGFMRDVPCPVCAGTRLKPEILAVTLAGESKGEHGAKSIAEVCELSIADCADFLNALTLGPREQAIAGQVLKEIRSRLGFLLDVGLEYLSLSRAAATLSGGEAQRIRLATQIGSGLVGVLYVLDEPSIGLHQRDNRRLIETLTRLRDLGNTLIVVEHDEDTIEHADWIVDIGPGAGEHGGRIVHSGPYDELLRNKDSITGAYLSGRESIEIPAIRRSVDPRRQLTVVGAREHNLRGIDVSFPLGVLTSVTGVSGSGKSTLVNDILAAVLANRLNGARQVPGRHTRVTGLDYLDKLVRVDQSPIGRTPRSNPATYTGVFDKIRTLFAATTEAKVRGYQPGRFSFNVKGGRCEACTGDGTIKIEMNFLPDVYVPCEVCQGARYNRETLEVHYKGKTVSEVLDMSIEEAAEFFEPIAGVHRYLRTLVDVGLGYVRLGQPAPTLSGGEAQRVKLASELQKRSTGRTVYILDEPTTGLHFDDIRKLLNVINGLVDKGNTVIVIEHNLDVIKTSDWIIDLGPEGGAGGGTVVAQGTPEDVAAVPASYTGKFLAEVVGGGASAATSRSNRRRNVSA
70,4AY9B,0,NSCELTNITIAIEKEECRFCISINTTWCAGYCYTRDLVYKDPARPKIQKTCTFKELVYETVRVPGCAHHADSLYTYPVATQCHCGKCDSDSTDCTVRGLGPSYCSFGEMKE
71,4ICGC,1,GSHMSDKPLTKTDYLMRLRRCQTIDTLERVIEKNKYELSDNELAVFYSAADHRLAELTMNKLYDKIPSSVWKFIR
72,2YNQA,0,GASTAQPKQEAYIQSTELFLQNKYSDVITTLEDYAPEDMPYVIQYELASSYVMTESLTEEQRQTVSNNITLKTDEQYMLYWIYIGRSQSEEALELARTIEDRDLIVYALLKYREQIKGDTDLSGDEKQKKLDEIDQEIKEYERERKESEAQLEEEQQSEQQ
73,4B6AM,0,MSTDSIVKASNWRLVEVGRVVLIKKGQSAGKLAAIVEIIDQKKVLIDGPKAGVPRQAINLGQVVLTPLTFALPRGARTATVSKKWAAAAVCEKWAASSWAKKIAQRERRAALTDFERFQVMVLRKQKRYTVKKALAKA
74,4JOIC,1,MLPKPGTYYLPWEVSAGQVPDGSTLRTFGRLCLYDMIQSRVTLMAQHGSDQHQVLVCTKLVEPFHAQVGSLYIVLGELQHQQDRGSVVKARVLTCVEGMNLPLLEQAIREQRLYKQERGGSQ
75,4GS3A,1,SNAMAGNFLENNTVTLVGKVFTPLEFSHELYGEKFFNFILEVPRLSETKDYLPITISNRLFEGMNLEVGTRVKIEGQLRSYNRKSPEEGKNKLILTVFARDISVVPE
76,3ZDWA,0,MTLEKFVDALPIPDTLKPVQQSKEKTYYEVTMEECTHQLHRDLPPTRLWGYNGLFPGPTIEVKRNENVYVKWMNNLPSTHFLPIDHTIHHSDSQHEEPEVKTVVHLHGGVTPDDSDGYPEAWFSKDFEQTGPYFKREVYHYPNQQRGAILWYHDHAMALTRLNVYAGLVGAYIIHDPKEKRLKLPSDEYDVPLLITDRTINEDGSLFYPSAPENPSPSLPNPSIVPAFCGETILVNGKVWPYLEVEPRKYRFRVINASNTRTYNLSLDNGGDFIQIGSDGGLLPRSVKLNSFSLAPAERYDIIIDFTAYEGESIILANSAGCGGDVNPETDANIMQFRVTKPLAQKDESRKPKYLASYPSVQHERIQNIRTLKLAGTQDEYGRPVLLLNNKRWHDPVTETPKVGTTEIWSIINPTRGTHPIHLHLVSFRVLDRRPFDIARYQESGELSYTGPAVPPPPSEKGWKDTIQAHAGEVLRIAATFGPYSGRYVWHCHILEHEDYDMMRPMDITDPHK
77,4BHXA,1,GHMTDSEFFHQRFRNLIYVEFVGPRKTLIKLRNLCLDWLQPETRTKEEIIELLVLEQYLTIIPEKLKPWVRAKKPENCEKLVTLLENYKEMYQP
78,2LVSA,1,MPSVNDSLDIVEKLYKDGVPVKEIAKRSNNSMSTVYKALEKLEAMGRIKRRKGRYRQHRRLTEEELATIRELYLKGATVYEIARQLGRPESTIYYALKKLGLKLE
79,3S4WA,1,MDLKILSLATDKTTDKLQEFLQTLKDDDLASLLQNQAVKGRAVGTLLRAVLKGSPCSEEDGALRRYKIYSCCIQLVESGDLQQDVASEIIGLLMLEVHHFPGPLLVDLASDFVGAVREDRLVNGKSLELLPIILTALATKKEVLACGKGDLNGEEYKRQLIDTLCSVRWPQRYMIQLTSVFKDVCLTPEEMNLVVAKVLTMFSKLNLQEIPPLVYQLLVLSSKGSRRSVLDGIIAFFRELDKQHREEQSSDELSELITAPADELYHVEGTVILHIVFAIKLDCELGRELLKHLKAGQQGDPSKCLCPFSIALLLSLTRIQRFEEQVFDLLKTSVVKSFKDLQLLQGSKFLQTLVPQRTCVSTMILEVVRNSVHSWDHVTQGLIEFGFILMDSYGPKKILDGKAVEIGTSLSKMTNQHACKLGANILLETFKIHEMIRQEILEQVLNRVVTRTSSPINHFLDLFSDIIMYAPLILQNCSKVTETFDYLTFLPLQTVQGLLKAVQPLLKISMSMRDSLILVLRKAMFASQLDARKSAVAGFLLLLKNFKVLGSLPSSQCTQSIGVTQVRVDVHSRYSAVANETFCLEIIDSLKRSLGQQADIRLMLYDGFYDVLRRNSQLASSIMQTLFSQLKQFYEPEPDLLPPLKLGACVLTQGSQIFLQEPLDHLLSCIQHCLAWYKSRVVPLQQGDEGEEEEEELYSELDDMLESITVRMIKSELEDFELDKSADFSQNTNVGIKNNICACLIMGVCEVLMEYNFSISNFSKSKFEEILSLFTCYKKFSDILSEKAGKGKAKMTSKVSDSLLSLKFVSDLLTALFRDSIQSHEESLSVLRSSGEFMHYAVNVTLQKIQQLIRTGHVSGPDGQNPDKIFQNLCDITRVLLWRYTSIPTSVEESGKKEKGKSISLLCLEGLQKTFSVVLQFYQPKVQQFLQALDVMGTEEEEAGVTVTQRASFQIRQFQRSLLNLLSSEEDDFNSKEALLLIAVLSTLSRLLEPTSPQFVQMLSWTSKICKEYSQEDASFCKSLMNLFFSLHVLYKSPVTLLRDLSQDIHGQLGDIDQDVEIEKTDHFAVVNLRTAAPTVCLLVLSQAEKVLEEVDWLIAKIKGSANQETLSDKVTPEDASSQAVPPTLLIEKAIVMQLGTLVTFFHELVQTALPSGSCVDTLLKGLSKIYSTLTAFVKYYLQVCQSSRGIPNTVEKLVKLSGSHLTPVCYSFISYVQNKSSDAPKCSEKEKAAVSTTMAKVLRETKPIPNLVFAIEQYEKFLIQLSKKSKVNLMQHMKLSTSRDFKIKGSVLDMVLREDEEHHHHHH
80,4GWPG,0,MNVTPLDELQWKSPEWIQVFGLRTENVLDYFAESPFFDKTSNNQVIKMQRQFSQLNDPNAAVNMTQNIMTLPDGKNGNLEEEFAYVDPARRQILFKYPMYMQLEEELMKLDGTEYVLSSVREPDFWVIRKQRRTNNSGVGSAKGPEIIPLQDYYIIGANIYQSPTIFKIVQSRLMSTSYHLNSTLESLYDLIEFQPSQGVHYKVPTDTSTTATAATNGNNAGGGSNKSSVRPTGGANMATVPSTTNVNMTVNTMGTGGQTIDNGTGRTGNGNMGITTEMLDKLMVTSIRSTPNYI
81,3AXJB,1,MPKNGGAGHRNTAPRKRQIPAAQLDEDSPIVQQFRIYSNELIMKHDRHERIVKLSRDITIESKRIIFLLHSIDSRKQNKEKVLEEARQRLNKLIAVNFRAVALELRDQDVYQFRSSYSPGLQEFIQAYTYMEYLCHEDAEGENETKSVSDWQAIQAVMQYVEESSQPKEEPTEGEDVQAIAQVESPKKFQFFVDPTEYILGLSDLTGELMRRCINSLGSGDTDTCLDTCKALQHFYSGYISLNCQRARELWRKITTMKQSVLKAENVCYNVKVRGGEAAKWGATFDQKPADEVDEGFY
82,4GICA,0,SMTEVKIKRLYTGDADFASQLDRLLAWSESEDTDIHQRVTEIIGCIRRDGDAALVELTARFDHFVVDTAAALELPRDVLEAAWQALPAEQAKALREAAERIRAYAERQKLDSWDYREADGTLLGQKITPLDRVGLYVPGGKAAYPSSVLMNAVPAKVAGVPELIMAVPAPRGELNALVLAAAYISGVDRVFRIGGAQAVAALAYGTETVPRVDKIVGPGNIYVATAKKLVFGQVGIDMVAGPSEILVISDGRTDPDWIAMDLFSQAEHDEDAQAILISPDAAHLEAVQASIERLLPGMERAEVIRTSLERRGGMILVDDLEQAAAVANRIAPEHLELSVESPEVLVESIRNAGAIFMGRYTAEALGDYCAGPNHVLPTSGTARFSSPLGVYDFQKRSSLIYCSPDGADQLGRTASLLAWGEGL
83,4IDUA,1,MSSQFIFEDVPQRNAATFNPEVGYVAFIGKYGQQLNFGVARVFFLNQKKAKMVLHKTAQPSVDLTFGGVKFTVVNNHFPQYVSNPVPDNAITLHRMSGYLARWIADTCKASVLKLAEASAQIVMPLAEVKGCTWADGYTMYLGFAPGAEMFLDAFDFYPLVIEMHRVLKDNMDVNFMKKVLRQRYGTMTAEEWMTQKITEIKAAFNSVGQLAWAKSGFSPAARTFLQQFGINI
84,4HAOA,0,MNNRRFDCIGIVGHPRHPAALATHEILYHWLKARGYAVMVEQQIAHDLNLTDAITGSLADIGQKADLAVVVGGDGNMLGAARVLARYDIKVIGVNRGNLGFLTDLDPDNALQQLSDVLEGEYLSEQRFLLETHVRRTNQQSRISTAINEVVLHPGKVAHMIEFEVYIDDRFAFSQRSDGLIIATPTGSTAYSLSAGGPILTPTLDAIVLVPMFPHTLTARPLVISSSSTIRLKFSHITSDLEISCDSQIALPIQEGEEVLIRRSDFHLNLIHPKDYSYFNTLSTKLGWSKKLFENLYFHHHHHH
85,4GVWA,0,MEVLFEAKVGDITLKLAQGDITQYPAKAIVNAANKRLEHGGGVAYAIAKACAGDAGLYTEISKKAMREQFGRDYIDHGEVVVTPAMNLEERGIKYVFHTVGPICSGMWSEELKEKLYKAFLGPLEKAEEMGVESIAFPAVSAGIYGCDAEKVVETSLEAVKNFKGSAVKEVAEVHGARKSAEVALKVFERSLEHHHHHH
86,2MA1A,1,HDAPLFEALRAWRLQKAKELSLPPYTIFHDATLKTIAELRPGSHATLGTVSGVGGRKLAAYGDEVLQVVRDSSGG
87,2LVFA,0,EAEAQEECREQMQRQQMLSHCRMYMRQQMEESTYQTMPRRGMEPHMSECCEQLEGMDESCRCEGLRMMMRMMQQKEMQPRGEQMRRMMRLAENIPSRCNLSPMRCPMGGSIAGF
88,3J21R,0,MVQKAHSFRRKTRKKLSKHPRRRGLPPLTRFLQEFEVGQRVHIVIEPSYHKGMPDPRFHGRTGTVVGKRGEAYIVEIKDGSKVKTLFIHPVHLRPQK
89,2LJ6A,1,MPSSKPLAEYARKRDFRQTPEPSGRKPRKDSTGLLRYCVQKHDASRLHYDFRLELDGTLKSWAVPKGPCLDPAVKRLAVQVEDHPLDYADFEGSIPQGHYGAGDVIVWDRGAWTPLDDPREGLEKGHLSFALDGEKLSGRWHLIRTNLRGKQSQWFLVKAKDGEARSLDRFDVLKER
90,4I1DA,0,SNAQITFVSQGGAYQAAQTVAILDPSAKKLGITINQDSIPDAWPAIKTQVGSGKPIWDVVDTPTGYCLRGGEQGLIEKLDFSKIPNAAAMPEAYRSPYSVSYEFYSSVLAYSQKTFPKDAPNSWVDFWDVKKFPGRRALRNHPIATLEAALMADGVAPDKLYPLDVDRAFKKLEEIKPHITVWWTSGAQSAQLLNDGEVDMEMAWNGRVSAVAKEGAKVSFTYNQGILQSTSLCILKGAPNLETAVKFLNEAVDPVHQANLPLHIDYGPGNPKAFETNVIKPERAAQLPSEPANAAKQALMSYAWWSSPAGEAAEKRWASFMQK
91,3U4ZA,1,TLLISEVLKTSKQYLSVLAQVVDIQSSDKNIRLKICDNSCNQELKVVIFPDLCYEWRDKFSINKWYYFNEFVRQIYNDEVQLKNNIHSSIKESDDQRKVITYNQEQGVF
92,4DRAE,1,GSHMEGAGAGSGFRKELVSRLLHLHFKDDKTKVSGDALQLMVELLKVFVVEAAVRGVRQAQAEDALRVDVDQLEKVLPQLLLDF
93,2YMVA,0,SMSDTRLDVATLANAVQLAARAPSLHNTQPWRLIAEDGELKLFLDPSRVVRSTDRSSREAVMSCGVLLDHLRVALAAAGWDTEVQRFPNPNDRDHLATLSFRPLQFVTEGHRKRADAILARRTDRLPMSAYVDWDAFETLLRARLGDGPVHMDTLGEDVREEVAEAAALTESLRLYDAAYHSELAWWTTPFATEDGIPQTALISAEESERVAVSRDFPVAPHSSRRPALNNDAATIVVLSTDGYSREDALDAGEGLSKVLLECTMSGLATCPVTHVTELHTSRDIIGRLIVRDACPQVLVRIGLAPALDEVPPPTPRRPVDAFLEVRPRS
94,2LW1A,1,GSHMKAETVKRSSSKLSYKLQRELEQLPQLLEDLEAKLEALQTQVADASFFSQPHEQTQKVLADMAAAEQELEQAFERWEYLEALKNGG
95,4EQ6B,1,MGSSHHHHHHSHGSMEVLKNIRIYPLSNFITSTKNYINLPNELRNLISEEQESKLGFLHIIESDFKPSVALQKLVNCTTGDEKILIIDIVSIWSQQKQRQHGAIYMNSLSCINITGLIVFLELLYDSPMDALRRCQVDNFNFQLRGIVIDNLSFLNFESDKNYDVINLSKFEKLFKILRKLREFLGCWIITKSFPTDFYNGIENTLVDKWSIKRKSGVTLYPTKLPDSYMKGMDLIIYREVVDGRPQYRRIAALEE
96,3J21a,0,MAIKAGEEVIFTVPIKKIKKIVPRWKRAPRAVKFVREFVARHAKAQEVIIDPKVNEKIWERGIEKPPSKLRVKVKVEEEKREGEETVRIAYVTLA
97,4GIJA,0,MGSDKIHHHHHHSSGENLYFQGHMSELKISPELLQISPEVQDALKNKKPVVALESTIISHGMPFPQNAQTAIEVEETIRKQGAVPATIAIIGGVMKVGLSKEEIELLGREGHNVTKVSRRDLPFVVAAGKNGATTVASTMIIAALAGIKVFATGGIGGVHRGAEHTFDISADLQELANTNVTVVCAGAKSILDLGLTTEYLETFGVPLIGYQTKALPAFFCRTSPFDVSIRLDSASEIARAMVVKWQSGLNGGLVVANPIPEQFAMPEHTINAAIDQAVAEAEAQGVIGKESTPFLLARVAELTGGDSLKSNIQLVFNNAILASEIAKEYQRLAG
98,2LYJA,1,MIINNLKLIREKKKISQSELAALLEVSRQTINGIEKNKYNPSLQLALKIAYYLNTPLEDIFQWQPE
99,4H7AA,1,MSRGHHHHHHGSMSPGERFLDWLKRLQGQKAWTAARAAFRRSLAFPPGAYPRAMPYVEPFLAKGDWRQEEREAHYLVAALYALKDGDHQVGRTLARALWEKAQGSASVEKRFLALLEADRDQIAFRLRQAVALVEGGIDFARLLDDLLRWFSPERHVQARWAREYYGA
100,3J21l,0,MKVKVFRVHGYFEKNGRKFKFTKEYRGIKEEDVKELVYSDIGSKHKVKRNKIFIKEIKEIRPEEAEDIVVRRLSLEL
101,3S4WB,1,SHNSHEVEENGSVFVKLLKASGLTLKTGENQNQLGVDQVIFQRKLFQALRKHPAYPKVIEEFVNGLESYTEDSESLRNCLLSCERLQDEEASMGTFYSKSLIKLLLGIDILQPAIIKMLFEKVPQFLFESENRDGINMARLIINQLKWLDRIVDGKDLTAQMMQLISVAPVNLQHDFITSLPEILGDSQHANVGKELGELLVQNTSLTVPILDVFSSLRLDPNFLSKIRQLVMGKLSSVRLEDFPVIVKFLLHSVTDTTSLEVIAELRENLNVQQFILPSRIQASQSKLKSKGLASSSGNQENSDKDCIVLVFDVIKSAIRYEKTISEAWFKAIERIESAAEHKSLDVVMLLIIYSTSTQTKKGVEKLLRNKIQSDCIQEQLLDSAFSTHYLVLKDICPSILLLAQTLFHSQDQRIILFGSLLYKYAFKFFDTYCQQEVVGALVTHVCSGTEAEVDTALDVLLELIVLNASAMRLNAAFVKGILDYLENMSPQQIRKIFCILSTLAFSQQPGTSNHIQDDMHLVIRKQLSSTVFKYKLIGIIGAVTMAGIMAEDRSVPSNSSQRSANVSSEQRTQVTSLLQLVHSCTEHSPWASSLYYDEFANLIQERKLAPKTLEWVGQTIFNDFQDAFVVDFCAAPEGDFPFPVKALYGLEEYSTQDGIVINLLPLFYQECAKDASRATSQESSQRSMSSLCLASHFRLLRLCVARQHDGNLDEIDGLLDCPLFLPDLEPGEKLESMSAKDRSLMCSLTFLTFNWFREVVNAFCQQTSPEMKGKVLSRLKDLVELQGILEKYLAVIPDYVPPFASVDLDTLDMMPRKTFVSLQNYRAFFRELDIEVFSILHSGLVTKFILDTEMHTEATEVVQLGPAELLFLLEDLSQKLENMLTAPFAKRICCFKNKGRQNIGFSHLHQRSVQDIVHCVVQLLTPMCNHLENIHNFFQCLGAEHLSADDKARATAQEQHTMACCYQKLLQVLHALFAWKGFTHQSKHRLLHSALEVLSNRLKQMEQDQPLEELVSQSFSYLQNFHHSVPSFQCGLYLLRLLMALLEKSAVPNQKKEKLASLAKQLLCRAWPHGEKEKNPTFNDHLHDVLYIYLEHTDNVLKAIEEITGVGVPELVSAPKDAASSTFPTLTRHTFVIFFRVMMAELEKTVKGLQAGTAADSQQVHEEKLLYWNMAVRDFSILLNLMKVFDSYPVLHVCLKYGRRFVEAFLKQCMPLLDFSFRKHREDVLSLLQTLQLNTRLLHHLCGHSKIRQDTRLTKHVPLLKKSLELLVCRVKAMLVLNNCREAFWLGTLKNRDLQGEEIISQDPSSSESNAEDSEDG
102,3B0CT,1,GSTREPEIASSLIKQIFSHYVKTPVTRDAYKIVEKCSERYFKQISSDLEAYSQHAGRKTVEMADVELLMRRQGLVTDKMPLHVLVERHLPLEYRKLLIPIAVSGNKVIPCK
103,3RH2A,1,GMKTRDKIIQASLELFNEHGERTITTNHIAAHLDISPGNLYYHFRNKEDIIRCIFDQYEQHLLLGFKPYADQKVDLELLMSYFDAMFYTMWQFRFMYANLADILARDDTLKARYLKVQQAVLEQSIAVLNQLKKDGILQIEDERIADLADTIKMIIGFWISYKLTQSSIATISKASLYEGLLRVLMIFKAYSTPDSLANFDRLEQHFRSQSN
104,4EQ6A,1,MMEYEDLELITIWPSPTKNKLCQFIKQNLSKEHVVTQLFFIDATSSFPLSQFQKLVPPTLPENVRIYENIRINTCLDLEELSAITVKLLQILSMNKINAQRGTEDAVTEPLKIILYINGLEVMFRNSQFKSSPQRSHELLRDTLLKLRVMGNDENENASIRTLLEFPKEQLLDYYLKKNNNTRTSSVRSKRRRIKNGDSLAEYIWKYYADSLFE
105,3VYSC,0,MGEKIKLEHGAGGEIMEELLRDVILKTLTLKSAGGIGLDALDDGATIPFGDKHIVFTIDGHTVKPLFFPGGDIGRLAVSGTVNDLAVMGAEPIALANSMIIGEGLDMEVLKRVLKSMDETAREVPVPIVTGDTKVVEDKIEMFVITAGIGIAEHPVSDAGAKVGDAVLVSGTIGDHGIALMSHREGIAFETELKSDVAPIWDVVKAVAETIGWENIHAMKDPTRAGLSNALNEIARKSNVGILVREADIPIRPEVRAASEMLGISPYDVANEGKVVMVVAREYAEEALEAMRKTEKGRNAAIIGEVIADYRGKVLLETGIGGKRFMEPPEGDPVPRIC
106,3RCOA,1,ENLYFQGMLEGDLVSKMLRAVLQSHKNGVALPRLQGEYRSLTGDWIPFKQLGFPTLEAYLRSVPAVVRIETSRSGEITCYAMACTETAR
107,3SIAA,1,MQPPVANFCLWNLQPIQGSWMGAACIYQMPPSVRNTWWFPLLNTIPLDQYTRIYQWFMGVDRDRSGTLEINELMMGQFPGGIRLSPQTALRMMRIFDTDFNGHISFYEFMAMYKFMELAYNLFVMNARARSGTLEPHEILPALQQLGFYINQRTSLLLHRLFARGMAFCDLNCWIAICAFAAQTRSAYQMIFMNPYYGPMKPFNPMEFGKFLDVVTSLLE
108,4FM4A,0,MEMTDNAVMEQRVDALFVLTKELGLVTDQTVPDYEDALMHDWLPQNGAKLVAKAWTDPVFKAQLLSEGVAASESLGFSFPKHHKHFVVLENTPELHNVICCSLCSCTAFTIIGMAPDWYKELEYRARIVRQARTVLKEIGLDLPESIDIRVWDTTADTRYMVLPLRPQGTEDWSEAQLATLITQDCLIGVSRLEAPFAALPAPAVALGA
109,4G7HC,0,MEIKRFGRIREVIPLPPLTEIQVESYRRALQADVPPEKRENVGIQAAFRETFPIEEEDKGKGGLVLDFLEYRLGEPPFPQDECREKDLTYQAPLYARLQLIHKDTGLIKEDEVFLGHIPLMTEDGSFIINGADRVIVSQIHRSPGVYFTPDPARPGRYIASIIPLPKRGPWIDLEVEPNGVVSMKVNKRKFPLVLLLRVLGYDQETLARELGAYGELVQGLMDESVFAMRPEEALIRLFTLLRPGDPPKRDKAVAYVYGLIADPRRYDLGEAGRYKAEEKLGIRLSGRTLARFEDGEFKDEVFLPTLRYLFALTAGVPGHEVDDIDHLGNRRIRTVGELMTDQFRVGLARLARGVRERMLMGSEDSLTPAKLVNSRPLEAAIREFFSRSQLSQFKDETNPLSSLRHKRRISALGPGGLTRERAGFDVRDVHRTHYGRICPVETPEGANIGLITSLAAYARVDELGFIRTPYRRVVGGVVTDEVVYMTATEEDRYTIAQANTPLEGNRIAAERVVARRKGEPVIVSPEEVEFMDVSPKQVFSVNTNLIPFLEHDDANRALMGSNMQTQAVPLIRAQAPVVMTGLEERVVRDSLAALYAEEDGEVAKVDGNRIVVRYEDGRLVEYPLRRFYRSNQGTALDQRPRVVVGQRVRKGDLLADGPASENGFLALGQNVLVAIMPFDGYNFEDAIVISEELLKRDFYTSIHIERYEIEARDTKLGPERITRDIPHLSEAALRDLDEEGVVRIGAEVKPGDILVGRTSFKGESEPTPEERLLRSIFGEKARDVKDTSLRVPPGEGGIVVRTVRLRRGDPGVELKPGVREVVRVYVAQKRKLQVGDKLANRHGNKGVVAKILPVEDMPHLPDGTPVDVILNPLGVPSRMNLGQILETHLGLAGYFLGQRYISPIFDGAKEPEIKELLAQAFEVYFGKRKGEGFGVDKREVEVLRRAEKLGLVTPGKTPEEQLKELFLQGKVVLYDGRTGEPIEGPIVVGQMFIMKLYHMVEDKMHARSTGPYSLITQQPLGGKAQFGGQRFGEMEVWALEAYGAAHTLQEMLTLKSDDIEGRNAAYEAIIKGEDVPEPSVPESFRVLVKELQALALDVQTLDEKDNPVDIFEGLASKR
110,4DAMA,1,MRGSHHHHHHGSMNEIMICAVGNVATTPVFRDLANGPSVRFRLAVTARYWDREKNAWTDGHTNFFTVWANRQLATNASGSLAVGDPVVVQGRLKVRTDVREGQSRTSADIDAVAIGHDLARGTAAFRR
111,4I8DA,0,AVVPPAGTPWGTAYDKAKAALAKLNLQDKVGIVSGVGWNGGPCVGNTSPASKISYPSLCLQDGPLGVRYSTGSTAFTPGVQAASTWDVNLIRERGQFIGEEVKASGIHVILGPVAGPLGKTPQGGRNWEGFGVDPYLTGIAMGQTINGIQSVGVQATAKHYILNEQELNRETISSNPDDRTLHELYTWPFADAVQANVASVMCSYNKVNTTWACEDQYTLQTVLKDQLGFPGYVMTDWNAQHTTVQSANSGLDMSMPGTDFNGNNRLWGPALTNAVNSNQVPTSRVDDMVTRILAAWYLTGQDQAGYPSFNISRNVQGNHKTNVRAIARDGIVLLKNDANILPLKKPASIAVVGSAAIIGNHARNSPSCNDKGCDDGALGMGWGSGAVNYPYFVAPYDAINTRASSQGTQVTLSNTDNTSSGASAARGKDVAIVFITADSGEGYITVEGNAGDRNNLDPWHNGNALVQAVAGANSNVIVVVHSVGAIILEQILALPQVKAVVWAGLPSQESGNALVDVLWGDVSPSGKLVYTIAKSPNDYNTRIVSGGSDSFSEGLFIDYKHFDDANITPRYEFGYGLSYTKFNYSRLSVLSTAKSGPATGAVVPGGPSDLFQNVATVTVDIANSGQVTGAEVAQLYITYPSSAPRTPPKQLRGFAKLNLTPGQSGTATFNIRRRDLSYWDTASQKWVVPSGSFGISVGASSRDIRLTSTLSVA
112,3J20A,0,MAAKRATTTRDKWKLKQWYIIYAPDFFGGVEVGLTPADDPEKVLNRVVEVTLKDVTGDFTKSHVKLYFQVYDVKGQNAYTKFKGMKLARSYIRSLVRRKTTRIDGIFNITTKDGYKLRVMAMAIAMRRIQTSQERAIRKIMQEIIYKKAEELNFKDFVLESVNGKIAAEIAKEAKKIYPLRKAEIRKIKVLEEPQVIA
113,4AYFB,0,ADLTASTTATATLVEPARITLTYKEGAPITIMDNGNIDTELLVGTLTLGGYKTGTTSTSVNFTDAAGDPMYLTFTSQDGNNHQFTTKVIGKDSRDFDISPKVNGENLVGDDVVLATGSQDFFVRSIGSKGGKLAAGKYTDAVTVTVSNQ
114,3VK0A,1,MMGNKLTLPAELPDEQDLRAVLAYNMRLFRVNKGWSQEELARQCGLDRTYVSAVERKRWNIALSNIEKMAAALGVAAYQLLLPPQERLKLMTNSADTRQMPSESGILEHHHHHH
115,3VH5A,1,GSEAAGGEQRELLIQRLRAAVHYTTGALAQDVAEDKGVLFSKQTVAAISEITFRQAENFARDLEMFARHAKRSTITSEDVKLLARRSNSLLKYITQKSDELASSNMEQKEKKKKKSSAAKGRKTEENETPVTESEDSNMA
116,4G12A,1,MTASAPDGRPGQPEATNRRSQLKSDRRFQLLAAAERLFAERGFLAVRLEDIGAAAGVSGPAIYRHFPNKESLLVELLVGVSARLLAGARDVTTRSANLAAALDGLIEFHLDFALGEADLIRIQDRDLAHLPAVAERQVRKAQRQYVEVWVGVLRELNPGLAEADARLMAHAVFGLLNSTPHSMKAADSKPARTVRARAVLRAMTVAALSAADRCL
117,4E1RA,1,MSYYHHHHHHDYDIPTTENLYFQGAMAKKVTVTLVDDFDGSGAADETVEFGLDGVTYEIDLSTKNATKLRGDLKQWVAAGRRVGGR
118,3J21P,0,MKRTGPTDPNLRRLIRYLRKKSNEYGVKIWKDVAWRLERPRRQRAEVNVSKINRYANDGEMIVVPGSVLGAGKLEKKVIVAAWKFSETARRKIIEAGGEAITIEELIERNPTGSGVRIME
119,4GIQA,0,GPLGSPEFPGRRKPEAQPFAHLTINAASIPSGSHKVTLSSWYHDRGWAKISNMTLSNGKLRVNQDGFYYLYANICFRHHETSGSVPTDYLQLMVYVVKTSIKIPSSHNLMKGGSTKNWSGNSEFHFYSINVGGFFKLRAGEEISIQVSNPSLLDPDQDATYFGAFKVQDID
120,3U50C,1,QRIYSSIEEIIQQAQASEIGQKKEFYVYGNLVSIQMKNKLYYYRCTCQGKSVLKYHGDSFFCESCQQFINPQVHLMLRAFVQDSTGTIPVMIFDQQSSQLINQIDPSIHVQEAGQYVKNCIENGQEEIIRQLFSKLDFARFIFEIQFENKEFNNEQEIAYKVLKIEKENIKE
121,4AXQA,0,GSHMKIYIQPLSVNSHTVEVLANSLPKIFNAEVFVLPASDVSLKCYNASRRQYNSTCILRMLPPIKVTLGVTGKDIYAKGMNFVFGEAELGGARAVLSVFRLTTADSELYRERVVKEAVHEIGHVLGLKHCSNNCVMRFSNSVQDVDRKPVSFCRECASKIRY
122,2LY4B,0,MEEPQSDPSVEPPLSQETFSDLWKLLPENNVLSPLPSQAMDDLMLSPDDIEQWFTEDPGPDEAPRMPEAAPPVAPAPAAPTPAAPAPAPSWPL
123,4BJ1A,1,GGGRVDHVFYQKFKSMALQELGTNYLSISYVPSLSKFLSKNLRSMKNCIVFFDKVEHIHQYAGIDRAVSETLSLVDINVVIIEMNDYLMKEGIQSSKSKECIESMGQASYSGQLDFEASEKPSNHTSDLMMMVMRKINNDESIDHIVYFKFEQLDKLSTSTIIEPSKLTEFINVLSVLEKSNNIAFKVLIYSNNVSISSLLSTSLKKKLNTKYTVFEMPILTCAQEQEYLKKMIKFTFDSGSKLLQSYNSLVTCQLNNKESNLAIFFEFLKVFPHPFTYLFNAYTEIIVQSRTFDELLDKIRNRLTIKNYPHSAYNFKK
124,2YO3A,0,MKQIEDKIEEILSKIYHIENEIARIKKLIKVTDAQVSRNTQSITNLNTQVSNLDTRVTNIENGIGDIVTTGSTKYFKTNTDGADANAQGADSVAIGSGSIAAAENSVALGTNSVADEANTVSVGSSTQQRRITNVAAGVNNTDAVNVAQLKASEAGSVRYETNADGSVNYSVLNLGDGSGGTTRIGNVSAAVNDTDAVNYAQLKRSVEEANTYTDQKMGEMNSKIKGVENKMKQIEDKIEEILSKIYHIENEIARIKKLIKLHHHHHH
125,4ACOA,1,MRSSILFLLKLMKIMDVQQQQEAMSSEDRFQELVDSLKPRTAHQYKTYYTKYIQWCQLNQIIPTPEDNSVNSVPYKDLPISAELIHWFLLDTLITDDKPGEKREETEDLDEEEENSFKIATLKKIIGSLNFLSKLCKVHENPNANIDTKYLESVTKLHTHWIDSQKAITTNETNNTNTQVLCPPLLKVSLNLWNPETNHLSEKFFKTCSEKLRFLVDFQLRSYLNLSFEERSKIRFGSLKLGKRDRDAIIYHKVTHSAEKKDTPGHHQLLALLPQDCPFICPQTTLAAYLYLRFYGIPSVSKGDGFPNLNADENGSLLQDIPILRGKSLTTYPREETFSNYYTTVFRYCHLPYKRREYFNKCNLVYPTWDEDTFRTFFNEENHGNWLEQPEAFAFPDKIPFDFKKIMNFKSPYTSYSTNAKKDPFPPPKDLLVQIFPEIDEYKRHDYEGLSQNSRDFLDLMEVLRERFLSNLPWIYKFFPNHDIFQDPIFGNSDFQSYFNDKTIHSKGSPILSFDILPGFNKIYKNKTNFYSLLIERPSQLTFASSHNPDTHPTQKQESEGPLQMSQLDTTQLNELLKQQSFEYVQFQTLSNFQILLSVFNKIFEKLEMKKSSRGYILHQLNLFKITLDERIKKSKIDDADKFIRDNQPIKKEENIVNEDGPNTSRRTKRPKQIRLLSIADSSDESSTEDSNVFKKDGESIEDGAYGENEDENDSEMQEQLKSMINELINSKISTFLRDQMDQFELKINALLDKILEEKVTRIIEQKLGSHTGKFSTLKRPQLYMTEEHNVGFDMEVPKKLRTSGKYAETVKDNDDHQAMSTTASPSPEQDQEAKSYTDEQEFMLDKSIDSIEGIILEWFTPNAKYANQCVHSMNKSGNKSWRANCEALYKERKSIVEFYIYLVNHESLDRYKAVDICEKLRDQNEGSFSRLAKFLRKWRHDHQNSFDGLLVYLSN
126,4JQFA,1,AEALSNPGALDLPSLTSLLSEKAKEFLMENRVQSFYQQELEMVESLLSLANQPVIHSASSDQVNFKKDTTSKAIHSIFKNAIQLLQEKGLVFQKDDGFDNLYYVTREDKDLHRKIHRIIQQDCQKPNHMEKGCHFLHILACARLSIRPGLSEAVLQQVLELLEDQSDIVSTMEHYYTAF
127,4H5XA,0,SNAGEVVDCHLSDMLQQLHSVNASKPSERGLVRQEEAEDPACIPIFWVSKWVDYSDKYGLGYQLCDNSVGVLFNDSTRLILYNDGDSLQYIERDGTESYLTVSSHPNSLMKKITLLKYFRNYMSEHLLKAGANITPREGDELARLPYLRTWFRTRSAIILHLSNGSVQINFFQDHTKLILCPLMAAVTYIDEKRDFRTYRLSLLEEYGCCKELASRLRYARTMVDKLLSSRSASNRLKAS
128,4FY11,0,MNRNGATPTRGRGKRAIPNPPRRRARGKSVERGSTPLQYVTTLGPSRPRMGQGQGWQKLSHEEIILQVNSSTAADTIQTIPIIPRLSVPAGDKPIYSGSAPHLRTIGSAFAIHRWRALSFEWIPSCPTTTPGNLVLRFYPNYSTETPKTLTDLMDSESLVLVPSLSGKTYRPKIETRGNPPELRNIDATAFSALSDEDKGDYSVGRLVVGSSKQAVVIQLGLLRMRYSAEMRGATSISGVSA
129,4AZ1A,0,MNDSNCFPFTKLSVQAQYERVQREFSLLLRQEDPRSISFATSLKNRHKNRYLDILANEATLYPQVTDAPGASTPYYINGNLIDLDLPHKFVACQAPVVQGIPDFLAMLYEKKISLVIMVTKLEEGGFVKADRYWPEERGSGSIAVSGNCGLTISEDPGKAYEVEDELKITRRYLILQRADEPPHKFTQVQYTGWPDHGIPQSATSLEALLTNVKNSPTTVPVVVHCSAGIGRTGTLIGAYAALTHLERGTLTDTTVYDVVSAMRRQRFGMVQRMEQYFVIYLTLMCRLGVDIKALVGLLNSR
130,3V9RB,1,MLSKEALIKILSQNEGGNDMKIADEVVPMIQKYLDIFIDEAVLRSLQSHKDINGERGDKSPLELSHQDLERIVGLLLMDMLEHHHHHH
131,3S5RA,1,GMQATMTDKNTRELLLDAATTLFAEQGIAATTMAEIAASVGVNPAMIHYYFKTRDSLLDTIIEERIGRIIDMIWEPVTGEEDDPLIMVRDLVNRIVNTCETMLWLPSLWIREIVNEGGALREKMLNNIPIDKMNKFSAKIAEGQKQGVINSGIDSRLLIGSIIGLTMLPLATAKLRDQIPTMKGLSSEDIVCHVTALLFTGLTNPSNSDDIKKQRT
132,4FW2A,1,PLREAKDLHTALHIGPRALSKASNISMQQAREVVQTCPHCNSAPALEAGVNPRGLGPLQIWQTDFTLEPRMAPRSWLAVTVDTASSAIVVTQHGRVTSVAVQHHWATAIAVLGRPKAIKTDNGSCFTSKSTREWLARWGIAHTTGIPGNSQGQAMVERANRLLKDKIRVLAEGDGFMKRIPTSKQGELLAKAMYALNHKERGENTKTPIQKHWRPTVLTEGPPVKIRIETGEWEKGWNVLVWGRGYAAVKNRDTDKVIWVPSRKVKPDIT
133,4JOIA,1,LDPVFLAFAKLYIRDILDMKESRQVPGVFLYNGHPIKQVDVLGTVIGVRERDAFYSYGVDDSTGVINCICWKKLNTESVSAAPSAARELSLTSQLKKLQETIEQKTKIEIGDTIRVRGSIRTYREEREIHATTYYKVDDPVWNIQIARMLELPTIYRKVYDQPFHS
134,2YMBA,0,MAHHHHHHMAKSGLRQDPQSTAAATVLKRAVELDSESRYPQALVCYQEGIDLLLQVLKGTKDNTKRCNLREKISKYMDRAENIKKYLDQEKEDGKYHKQIKIEENATGFSYESLFREYLNETVTEVWIEDPYIRHTHQLYNFLRFCEMLIKRPCKVKTIHLLTSLDEGIEQVQQSRGLQEIEESLRSHGVLLEVQYSSSIHDREIRFNNGWMIKIGRGLDYFKKPQSRFSLGYCDFDLRPCHETTVDIFHKKHTKNI
135,2L8DA,1,GAMGMPNRKYADGEVVMGRWPGSVLYYEVQVTSYDDASHLYTVKYKDGTELALKESDIRLQSSFKQ
136,3RLOA,1,GSVDDSAQSDLKEVMVLNATESFVYEPKEQKKMFHATVATENEVFRVKVFNIDLKEKFTPKKIIAIANYVCRNGFLEVYPFTLVADVNADRNMEIPKGLIRSASVTPKINQLCSQTKGSFVNGVFEVHKKNVRGEFTYYEIQDNTGKMEVVVHGRLTTINCEEGDKLKLTCFELAPKSGNTGELRSVIHSHIKVIKTRKNAAAS
137,4B29A,0,MGSSHHHHHHSSGLVPRGSHMASGRAALTHLLEAARDWHEALPEFRAFATWPEDLRWADRPAHALPVIDHLTRDPGHASDQSQPLRDALVAAAPHVEWRHSYTEAEVGRDFLNRFGWFELAGPSGHFLTQSLRVTVGYWGPGLDYGWHEHLPEELYSVVSGRALFHLRNAPDLMLEPGQTRFHPANAPHAMTTLTDPILTLVLWRGAGLGDDPRMSQ
138,4B0EA,0,AYTFDSTMLDTNSGESIDVSLFNQGLQLPGNYFVNVFVNGRKVDSGNIDFRLEKHNGKELLWPCLSSLQLTKYGIDIDKYPDLIKSGTEQCVDLLAIPHSDVQFYFNQQKLSLIVPPQALLPRFDGIMPMQLWDDG
139,3QU3A,1,GSHMAEVRGVQRVLFGDWLLGEVSSGQYEGLQWLNEARTVFRVPWKHFGRRDLDEEDAQIFKAWAVARGRWPPSGVNLPPPEAEAAERRERRGWKTNFRCALHSTGRFILRQDNSGDPVDPHKVYELSRELGSTVGP
140,4JOLA,1,SEEMIDHRLTDREWAEEWKHLDHLLNCIMDMVEKTRRSLTVLRRCQEADREELNYWIRRYSDAE
141,4I99A,1,MPYIEKLELKGFKSYGNKKVVIPFSKGFTAIVGANGSGKSNIGDAILFVLGGLSAKAMRASRISDLIFAGSKNEPPAKYAEVAIYFNNEDRGFPIDEDEVVIRRRVYPDGRSSYWLNGRRATRSEILDILTAAMISPDGYNIVLQGDITKFIKMSPLERRLLIDDISGIAEYDSKKEKALEEEKEKKNVFMRTFEAISRNFSEIFAKLSPGGSARLILENPEDPFSGGLEIEAKPAGKDVKRIEAMSGGEKALTALAFVFAIQKFKPAPFYLFDEIDAHLDDANVKRVADLIKESSKESQFIVITLRDVMMANADKIIGVSMRDGVSKVVSLSLEKAMKILEEIRKKQGWEHGN
142,3ULXA,1,MGMRRERDAEAELNLPPGFRFHPTDDELVEHYLCRKAAGQRLPVPIIAEVDLYKFDPWDLPERALFGAREWYFFTPRDRKYPNGSRPNRAAGNGYWKATGADKPVAPRGRTLGIKKALVFYAGKAPRGVKTDWIMHEYRLADAGRAAAGAKKGSLRLDDWVLCRLYNKKNEWEK
143,4G6XA,0,MHHHHHHSSGVDLGTENLYFQSNAMRIHLTNVFVDDQAKAESFYTGKLGFLVKADVPVGADRWLTVVSPEAPDGTQLLLEPSSHAAVTPFKEALVADGIPAASFAVDDIAAEYERLSALGVRFTQEPTDMGPVVTAILDDTCGNLIQLMQIAYDG
144,4GWPF,0,MGKSAVIFVERATPATLTELKDALSNSILSVRDPWSIDFRTYRCSIKNLPADVSKLMYSITFHHHGRQTVLIKDNSAMVTTAAAADIPPALVFNGSSTGVPESIDTILSSKLSNIWMQRQLIKGDAGETLILDGLTVRLVNLFSSTGFKGLLIELQADEAGEFETKIAGIEGHLAEIRAKEYKTSSDSLGPDTSNEICDLAYQYVRALEL
145,3W03A,1,SGMEELEQGLLMQPWAWLQLAENSLLAKVFITKQGYALLVSDLQQVWHEQVDTSVVSQRAKELNKRLTAPPAAFLCHLDNLLRPLLKDAAHPSEATFSCDCVADALILRVRSELSGLPFYWNFHCMLASPSLVSQHLIRPLMGMSLALQCQVRELATLLHMKDLEIQDYQESGATLIRDRLKTEPFEENSFLEQFMIEKLPEACSIGDGKPFVMNLQDLYMAVTTQEVQVGQKHQ
146,2LI6A,1,QSLNPALQEKISTELNNKQYELFMKSLIENCKKRNMPLQSIPEIGNRKINLFYLYMLVQKFGGADQVTRTQQWSMVAQRLQISDYQQLESIYFRILLPYERHMISQEGIKETQAKR
147,4G4SP,0,GPMSCLVLPLVSVGNIPQLSIDWLLNSQANEWEYLEALDSKYLVEFVGPLDRPEDGSDSLYKDADMKYSSALEVFYNKKRGLFAIQQRTPLVSVNYLNNFIVEIILPFLSKYNISEICIWDSLYAMEDENGVIVRPQEVYSLGEFYFDDEAELLSNLHLNDQESMVNNWLHFTPTSFQDKISVDQPIFKILFQILNASQRPKALRSIKYCSCLANEGDNSLDSQQFLQWIISQKVIKNAPPIVKFVRPISWQGAYGMADARDKFVDLYN
148,2LXUA,0,SHMGGEGFVVKVRGLPWSCSADEVQRFFSDCKIQNGAQGIRFIYTREGRPSGEAFVELESEDEVKLALKKDRETMGHRYVEVFKSNNVEMDWVLKHTGPNSPDTANDG
149,4G9QA,0,MHHHHHHSSGVDLGTENLYFQSMMTTSNAGAQQPNVEGRRFSPDQVRSVAPALEQYTQQRLYGDVWQRPGLNRRDRSLVTIAALIARGEAPALTYYADQALENGVKPSEISETITHLAYYSGWGKAMATVGPVSEAFAKRGIGQDQLAAVESTPLPLDEEAEAQRATTVGNQFGSVAPGLVQYTTDYLFRDLWLRPDLAPRDRSLVTIAALISVGQVEQITFHLNKALDNGLSEEQAAEVITHLAFYAGWPNAMSALPVAKAVFEKRRG
150,2LV4A,0,GPLGSGSKIKLEIYNETDMASASGYTPVPSVSEFQYIETETISNTPSPDLTVMSIDKSVLSPGESATITTIVKDIDGNPVNEVHINKTVARENLKGLWDYGPLKKENVPGKYTQVITYRGHSNERIDISFKYAMSFTKEISIRGRL
151,3U4VA,1,NFNIGSLSDQLSKQTLLISQLQVGKNRFSFKFEGRVVYKSSTFQNQQDSKYFFITAQDANNQEINMSFWQKVDQSYQTLKVGQYYYFIGGEVKQFKNNLELKFKFGDYQIIPKETLS
152,3V4GA,1,MHHHHHHSSGVDLGTENLYFQSNAMRPSEKQDNLVRAFKALLKEERFGSQGEIVEALKQEGFENINQSKVSRMLTKFGAVRTRNAKMEMVYCLPTELGVPTVSSSLRELVLDVDHNQALVVIHTGPGAAQLIARMLDSLGKSEGILGVVAGDDTIFITPTLTITTEQLFKSVCELFEYAG
153,4HN9A,0,SNAGNSTTSDKGTEEATTSAFDVMSQFNEIGVSYPLTVTDQAGRTVTFEKAPEKIASSYYISTSLLLALGLQDKLVGIEAKANTRNIYKLAAPAIVSLPNMGTAKEFNTEACVAATPDVVFLPMKLKKTADTLESLGIKAVVVNPEDQSLLEECITLVGKITNNAGRAEALNNSIKTFLADNKTNVSGGNTPSVYLAGNSSVLSTAGSKMYQNTLLTNAGGKNVASELTDTYWANVSYEQILAWNPDYIVIAADATYTVDDILNDANLAGCNAVKNKNVVKLPNNIEAWDSPVPGSFLGSIYIASVLHPEKVTKDFYETCVTKFYESFYGFTPAK
154,3V9RA,1,MNDDEDRAQLKARLWIRVEERLQQVLSSEDIKYTPRFINSLLELAYLQLGEMGSDLQAFARHAGRGVVNKSDLMLYLRKQPDLQERVTQE
155,4AXNA,0,MSTNNTINAVAADDAAIMPSIANKKILMGFWHNWAAGASDGYQQGQFANMNLTDIPTEYNVVAVAFMKGQGIPTFKPYNLSDTEFRRQVGVLNSQGRAVLISLGGADAHIELKTGDEDKLKDEIIRLVEVYGFDGLDIDLEQAAIGAANNKTVLPAALKKVKDHYAAQGKNFIISMAPEFPYLRTNGTYLDYINALEGYYDFIAPQYYNQGGDGIWVDELNAWITQNNDAMKEDFLYYLTESLVTGTRGYAKIPAAKFVIGLPSNNDAAATGYVVNKQAVYNAFSRLDAKNLSIKGLMTWSINWDNGKSKAGVAYNWEFKTRYAPLIQ
156,3UQZA,1,MKITNYEIYKLKKSGLTNQQILKVLEYGENVDQELLLGDIADISGCRNPAVFMERYFQIDDAHLSKEFQKFPSFSILDDCYPWDLSEIYDAPVLLFYKGNLDLLKFPKVAVVGSRACSKQGAKSVEKVIQGLENELVIVSGLAKGIDTAAHMAALQNGGKTIAVIGTGLDVFYPKANKRLQDYIGNDHLVLSEYGPGEQPLKFHFPARNRIIAGLCRGVIVAEAKMRSGSLITCERAMEEGRDVFAIPGSILDGLSDGCHHLIQEGAKLVTSGQDVLAEFEFHHHHHH
157,4D8JA,1,MKYQQLENLESGWKWKYLVKKHREGELITRYIEASAAQEAVDVLLSLENEPVLVNGWIDKHMNPELVNRMKQTIRARRKRHFNAEHQHTRKKSIDLEFIVWQRLAGLAQRRGKTLSETIVQLIEDAENKEKYANKMSSLKQDLQALLGKE
158,3R0JA,1,GTHMRKGVDLVTAGTPGENTTPEARVLVVDDEANIVELLSVSLKFQGFEVYTATNGAQALDRARETRPDAVILDVMMPGMDGFGVLRRLRADGIDAPALFLTARDSLQDKIAGLTLGGDDYVTKPFSLEEVVARLRVILRRAGKGNKEPRNVRLTFADIELDEETHEVWKAGQPVSLSPTEFTLLRYFVINAGTVLSKPKILDHVWRYDFGGDVNVVESYVSYLRRKIDTGEKRLLHTLRGVGYVLREPR
159,4HIDA,1,MSDSFSLLSQITPHQRCSFYAQVIKTWYSDKNFTLYVTDYTENELFFPMSPYTSSSRWRGPFGRFSIRCILWDEHDFYCRNYIKEGDYVVMKNVRTKIDHLGYLECILHGDSAKRYNMSIEKVDSEEPELNEIKSRKRLYVQN
160,3UWXB,1,MGSSHHHHHHSSGLVPRGSHMGPKKVEGRFQLVSPYEPQGDQPQAIAKLVDGLRLGVKHQTLLGATGTGKTFTISNVIAQVNKPTLVIAHNKTLAGQLHSELKEFFPHNAVEYFVSYYDYYQPEAYVPQTDTYIEKDAKINDEIDKLRHSATSALFERRDVIIVASVSCIYGLGSPEEYRELVVSLRVGMEIERNALLRRLVDIQYDRNDIDFRRGTFRVRGDVVEIFPASRDEHCIRVEFFGDEIERIREVDALTGEVLGEREHVAIFPASHFVTREEKMRLAIQNIEQELEERLAELRAQGKLLEAQRLEQRTRYDLEMMREMGFCSGIENYSRHLALRPPGSTPYTLLDYFPDDFLIIVDESHVTLPQLRGMYNGDRARKQVLVDHGFRLPSALDNRPLTFEEFEQKINQIIYISATPGPYELEHSPGVVEQIIRPTGLLDPTIDVRPTKGQIDDLIGEIHERVERNERTLVTTLTKKMAEDLTDYLKEAGIKVAYLHSEIKTLERIEIIRDLRLGKYDVLVGINLLREGLDIPEVSLVAILDADKEGFLRSERSLIQTIGRAARNANGHVIMYADTITKSMEIAIQETKRRRAIQEEYNRKHGIVPRTVKKEIRDVIRATYAAEETEMYEAKPAAAMTKQEREELIRKLEAEMKEAAKALDFERAAQLRDIIFELKAEG
161,4G56B,0,MHHHHHHSSGVDLGTENLYFQSNGSSKGSAWGRPVTAPACMEVQIGAVRYRRDGALLLAASSLSSRTWGGSIWVFKDPEGAPNESLCTAGVQTEAGVTDVAWVSEKGILVASDSGAVELWEILEKESLLVNKFAKYEHDDIVKTLSVFSDGTQAVSGGKDFSVKVWDLSQKAVLKSYNAHSSEVNCVAACPGKDTIFLSCGEDGRILLWDTRKPKPATRIDFCASDTIPTSVTWHPEKDDTFACGDETGNVSLVNIKNPDSAQTSAVHSQNITGLAYSYHSSPFLASISEDCTVAVLDADFSEVFRDLSHRDFVTGVAWSPLDHSKFTTVGWDHKVLHHHLPSEGRTENLIATKAED
162,4FJ6A,0,GADSIYVREQQIPILIDRIDNVLYEMRIPAQKGDVLNEITIQIGDNVDLSDIQAIRLFYSGVEAPSRKGEHFSPVTYISSHIPGNTRKALESYSVRQDEVTAPLSRTVKLTSKQPMLKGINYFWVSIQMKPETSLLAKVATTMPNAQINNKPINITWKGKVDERHVGIGVRQAGDDGSAAFRIPGLVTTNNGTLLGVYDIRYNSSVDLQEKIDIGVSRSTDKGQTWEPMRVAMTFKQTDGLPHGQNGVGDPSILVDEKTNTIWVVAAWTHGMGNERAWWNSMPGMTPDETAQLMLVKSEDDGKTWSEPINITSQVKDPSWYFLLQGPGRGITMQDGTLVFPIQFIDATRVPNAGIMYSKDRGKTWHLHNLARTNTTEAQVAEVEPGVLMLNMRDNRGGSRAVATTKDLGKTWTEHPSSRSALQESVCMASLIKVNAKDNITGKDLLLFSNPNTTKGRNHITIKASLDGGLTWPTEHQVLLDEAEGWGYSCLSMIDKETVGIFYESSVAHMTFQAVKLQDLIHQ
163,4B9JA,0,RTEPVSTTISKSFFAPEPQIQPSFGKNVGKEGGLLFSVSLTVPENVSQVTVYPVYDEDYGLGRLVNTADDSQSIIYQIVDDKGRKMLKDHGAEVTPNQQITFRALNYTSGDKEIPPGIYNDQVMVGYYVNDNKQRTEIATKNFPVSTTIS
164,4ATHA,1,GAMRFNINDRIKELGTLIPKSNDPDMRWNKGTILKASVDYIRKLQREQQRAKDLENRQKKLEHANRHLLLRVQELEMQARAHG
165,4G7XB,0,MGSSHHHHHHSSGLVPRGSHMPNDIFGSLSEESQQNNAARQQFVTSEVGRYGAIYTQLIRQNLLVEDSFRGKQCRVNLKLIPTGTGALLGSLTVLDGDSRLCAATKRAVAQVNSFPLPKDQPDVVEKLKNINLTVAPE
166,4FNHA,0,AHMFMAENRLQLQKGSAEETIERFYNRQGIETIEGFQQMFVTKTLNTEDTDEVKILTIWESEDSFNNYLNSDVFKEAHKNVRLKSDDDGQQSPILSNKVFKYDIGYHYQK
167,4LC2A,1,SMEMQLTPFLILLRKTLEQLQEKDTGNIFSEPVPLSEVPDYLDHIKKPMDFFTMKQNLEAYRYLNFDDFEEDFNLIVSNCLKYNAKDTIFYRAAVRLREQGGAVLRQARRQAEKMG
168,3V68A,1,MIERILEFTAKHEEWIVGENVEDFTNENIAMFLSRVSNTVSSKIPGYLGEKIDVNGLLSIKIEGSLEEKLKALISPKVSRQIGRLVMEDDKKLKKLLVEVAKAVLTREILKNELPIEFPGGKIEGLKIQPRYEEDHINFTARYGSWIVVKRMIIDEKTPLLDIARLLASINETAVNKIKDFADVDDKKIVEYFGGFKKVKKEEEIKEIVQLFREFKGNEFEVRYAAREMLSKLGLKVDVPSKNLEKYLEKAG
169,4B4TI,0,MGQGVSSGQDKKKKKGSNQKPKYEPPVQSKFGRKKRKGGPATAEKLPNIYPSTRCKLKLLRMERIKDHLLLEEEFVSNSEILKPFEKKQEEEKKQLEEIRGNPLSIGTLEEIIDDDHAIVTSPTMPDYYVSILSFVDKELLEPGCSVLLHHKTMSIVGVLQDDADPMVSVMKMDKSPTESYSDIGGLESQIQEIKESVELPLTHPELYEEMGIKPPKGVILYGAPGTGKTLLAKAVANQTSATFLRIVGSELIQKYLGDGPRLCRQIFKVAGENAPSIVFIDEIDAIGTKRYDSNSGGEREIQRTMLELLNQLDGFDDRGDVKVIMATNKIETLDPALIRPGRIDRKILFENPDLSTKKKILGIHTSKMNLSEDVNLETLVTTKDDLSGADIQAMCTEAGLLALRERRMQVTAEDFKQAKERVMKNKVEENLEGLYL
170,4GWGA,0,SNAQADIALIGLAVMGQNLILNMNDHGFVVCAFNRTVSKVDDFLANEAKGTKVVGAQSLKEMVSKLKKPRRIILLVKAGQAVDDFIEKLVPLLDTGDIIIDGGNSEYRDTTRRCRDLKAKGILFVGSGVSGGEEGARYGPSLMPGGNKEAWPHIKTIFQGIAAKVGTGEPCCDWVGDEGAGHFVKMVHNGIEYGDMQLICEAYHLMKDVLGMAQDEMAQAFEDWNKTELDSFLIEITANILKFQDTDGKHLLPKIRDSAGQKGTGKWTAISALEYGVPVTLIGEAVFARCLSSLKDERIQASKKLKGPQKFQFDGDKKSFLEDIRKALYASKIISYAQGFMLLRQAATEFGWTLNYGGIALMWRGGCIIRSVFLGKIKDAFDRNPELQNLLLDDFFKSAVENCQDSWRRAVSTGVQAGIPMPCFTTALSFYDGYRHEMLPASLIQAQRDYFGAHTYELLAKPGQFIHTNWTGHGGTVSSSSYNA
171,4GCWA,0,MELLFLGTGAGIPAKARNVTSVALKLLEERRSVWLFDCGEATQHQMLHTTIKPRKIEKIFITHMHGDHVYGLPGLLGSRSFQGGEDELTVYGPKGIKAFIETSLAVTKTHLTYPLAIQEIEEGIVFEDDQFIVTAVSVIHGVEAFGYRVQEKDVPGSLKADVLKEMNIPPGPVYQKIKKGETVTLEDGRIINGNDFLEPPKKGRSVVFSGDTRVSDKLKELARDCDVMVHEATFAKEDRKLAYDYYHSTTEQAAVTAKEARAKQLILTHISARYQGDASLELQKEAVDVFPNSVAAYDFLEVNVPRGKLAAALEHHHHHH
172,4HQFA,0,RDVQNNIVDEIKYREEVCNDEVDLYLLMDGSGSIRRHNWVNHAVPLAMKLIQQLNLNDNAIHLYASVFSNNAREIIRLHSDASKNKEKALIIIKSLLSTNLPYGKTSLTDALLQVRKHLNDRINRENANQLVVILTDGIPDSIQDSLKESRKLSDRGVKIAVFGIGQGINVAFNRFLVGCHPSDGKCNLYADSAWENVKNVIGPFMKAVCVEVEKTASCGVWDEWSPCSVTCGKGTRSRKREILHEGCTSELQEQCEEERCLPKREPLDVPDEPHHHHHHA
173,4HWXA,0,GSAHGPSAMVFTVIQGSGEPTDTVLRATTLSCAYTAEGTHPAPRAACDALNATDGELNRLLAAPDPSLVCPMYFDPVTVTADGVLNGRRVAWKHTFSNTCVMSANLNSNPVYAF
174,4HD1A,0,SNAMGSVPVELRGDFEVCRRLTRSHYENFSVVSLFVPRHLRPHFYSVYAFCRGVDDLGDEFAGDRMAALDAYEEELRRAFAGEATTPAFRALQFTIATCNLPMEPFLRLIEANRRDQRKHTYDTWEDLRDYCRYSADPVGRLVLGIFGCLDDERARLSDATCTALQVANHMQDIDRDLALGRIYVPRADLEQFGATLDDIRARRATDGVRRCIALEVDRAQALFDEGRRLESLVPPRLARQLKLYRLGGEAILAAIRRQGYNPFAGRPVVSGKQKLRIALSVLAGGAKGEGGSA
175,3R4KA,1,GMGTVSKALTLLTYFNHGRLEIGLSDLTRLSGMNKATVYRLMSELQEAGFVEQVEGARSYRLGPQVLRLAALREASVPILSASRRVLRELSEDTGETTHLSLLQGEQLASLSHAYSSRNATKVMMEDAEVLTFHGTASGLAVLAYSEPSFVDAVLAAPLTARTPQTQTDPAAIRAEIAEVRRTGLAQSIGGFEAEVHSHAVPIFGPDRAVLGALAVAAPTSRMTPDQKRTIPPALRAAGLSLTERIGGACPPEFPTDIAA
176,3VH5W,1,GYRRTVPRGTLRKIIKKHKPHLRLAANTDLLVHLSFLLFLHRLAEEARTNAFENKSKIIKPEHTIAAAKVILKKSRG
177,3J27A,0,MRCIGISNRDFVEGVSGGSWVDIVLEHGSCVTTMAKNKPTLDFELIETEAKQPATLRKYCIEAKLTNTTTDSRCPTQGEPSLNEEQDKRFVCKHSMVDRGWGNGCGLFGKGGIVTCAMFTCKKNMKGKVVQPENLEYTIVITPHSGEEHAVGNDTGKHGKEIKITPQSSITEAELTGYGTVTMECSPRTGLDFNEMVLLQMENKAWLVHRQWFLDLPLPWLPGADTQGSNWIQKETLVTFKNPHAKKQDVVVLGSQEGAMHTALTGATEIQMSSGNLLFTGHLKCRLRMDKLQLKGMSYSMCTGKFKVVKEIAETQHGTIVIRVQYEGDGSPCKIPFEIMDLEKRHVLGRLITVNPIVTEKDSPVNIEAEPPFGDSYIIIGVEPGQLKLNWFKKGSSIGQMIETTMRGAKRMAILGDTAWDFGSLGGVFTSIGKALHQVFGAIYGAAFSGVSWIMKILIGVIITWIGMNSRSTSLSVSLVLVGVVTLYLGVMVQA
178,4FIPA,0,GAAAAMSICPHIQQVFQNEKSKDGVLKTCNAARYILNHSVPKEKFLNTMKCGTCHEINSGATFMCLQCGFCGCWNHSHFLSHSKQIGHIFGINSNNGLLFCFKCEDYIGNIDLINDAILAKYWDDVCTKTMVPSMERRDGLSGLINMGNTCFMSSILQCLIHNPYFIRHSMSQIHSNNCKVRSPDKCFSCALDKIVHELYGALNTKQASSSSTSTNRQTGFIYLLTCAWKINQNLAGYSQQDAHEFWQFIINQIHQSYVLDLPNAKEVSRANNKQCECIVHTVFEGSLESSIVCPGCQNNSKTTIDPFLDLSLDIKDKKKLYECLDSFHKKEQLKDFNYHCGECNSTQDAIKQLGIHKLPSVLVLQLKRFEHLLNGSNRKLDDFIEFPTYLNMKNYCSTKEKDKHSENGKVPDIIYELIGIVSHKGTVNEGHYIAFCKISGGQWFKFNDSMVSSISQEEVLKEQAYLLFYTIRQVN
179,3VZHA,1,GHMYRSRDFYVRVSGQRALFTNPATKGGSERSSYSVPTRQALNGIVDAIYYKPTFTNIVTEVKVINQIQTELQGVRALLHDYSADLSYVSYLSDVVYLIKFHFVWNEDRKDLNSDRLPAKHEAIMERSIRKGGRRDVFLGTRECLGLVDDISQEEYETTVSYYNGVNIDLGIMFHSFAYPKDKKTPLKSYFTKTVMKNGVITFKAQSECDIVNTLSSYAFKAPEEIKSVNDECMEYDAMEKGEN
180,3TOCA,1,GSFTMNLNFSLLDEPIPLRGGTILVLEDVCVFSKIVQYCYQYEEDSELKFFDHKMKTIKESEIMLVTDILGFDVNSSTILKLIHADLESQFNEKPEVKSMIDKLVATITELIVFECLENELDLEYDEITILELIKSLGVKVETQSDTIFEKCLEILQIFKYLTKKKLLIFVNSGAFLTKDEVASLQEYISLTNLTVLFLEPRELYDFPQYILDEDYFLITKNMV
181,4HN8A,0,MSLHQASPSSTPRIVDMQVIPVAGRDSMLLNLCGAHAPYFTRNLVLLKDNAGRTGCGEVPGGEGIRQALERCRERVIGQSVGRYNRVLNDLRQAIAGPAKGPQTTQHQVTSEAEARVLAQPHEINLRLDNVITAVEAALLDLLGQHLEVPVAELLGSGQQRQRVPMLAYLFYIGERQRADLPYLAGKGSADDWYHLRHQAALTPDAIARLAEAARARYGFADFKLKGGVMRGAEEMEAIRAIKARFPDARVTLDPNGAWSLDEAIALCKGQGHVLAYAEDPCGPENGYSGREVMAEFKRATGIPTATNMVATDWRQMGHSLRLEAVDIPLADPHFWTMQGAVRLGQVCEEFGLTWGSHSNNHFDISLAMFTHAAAAVPGRITAIDTHWIWQEGEERLTREPLRIVGGQVQVPDKPGLGIEPDMQRIMAAHELYKKVASGARDDAMAMQYLVPGWQYHPKRPSLGREGHHHHHH
182,4I1KA,1,MRGSHHHHHHGSRSKFYESASARKRTVTAEERERAINAAKTFEPTNPFFRVVLRPSYLYRGCIMYLPSGFAEKYLSGISGFIKVQLAEKQWPVRCLYKAGRAKFSQGWYEFTLENNLGEGDVCVFELLRTRDFVLKVTAFRVNEYV
183,3Q8DA,1,MEGWQRAFVLHSRPWSETSLMLDVFTEESGRVRLVAKGARSKRSTLKGALQPFTPLLLRFGGRGEVKTLRSAEAVSLALPLSGITLYSGLYINELLSRVLEYETRFSELFFDYLHCIQSLAGVTGTPEPALRRFELALLGHLGYGVNFTHCAGSGEPVDDTMTYRYREEKGFIASVVIDNKTFTGRQLKALNAREFPDADTLRAAKRFTRMALKPYLGGKPLKSRELFRQFMPKRTVKTHYE
184,4FLTA,0,MGSSHHHHHHSSGLVPAGSHAGMIIDADYITEDGKPIIRIFKKEKGEFKVEYDRTFRPYIYALLKDDSAIDEVKKITAERHGKIVRITEVEKVQKKFLGRPIEVWKLYLEHPQDVPAIREKIREHPAVVDIFEYDIPFAKRYLIDKGLTPMEGNEELTFLAVDIETLYHEGEEFGKGPIIMISYADEEGAKVITWKSIDLPYVEVVSSEREMIKRLVKVIREKDPDVIITYNGDNFAFPYLLKRAEKLGIKLPLGRDNSEPKMQRMGDSLAVEIKGRIHFDLFPVIRRTINLPTYTLEAVYEAIFGKSKEKVYAHEIAEAWETGKGLERVAKYSMEDAKVTFELGKEFFPMEAQLARLVGQPVWDVSRSSTGNLVEWFLLRKAYERNELAPNKPDEREYERRLRESYEGGYVKEPEKGLWEGIVSLDFRSLYPSIIITHNVSPDTLNRENCKEYDVAPQVGHRFCKDFPGFIPSLLGNLLEERQKIKKRMKESKDPVEKKLLDYRQRAIKILANSYYGYYGYAKARWYCKECAESVTAWGRQYIDLVRRELESRGFKVLYIDTDGLYATIPGAKHEEIKEKALKFVEYINSKLPGLLELEYEGFYARGFFVTKKKYALIDEEGKIVTRGLEIVRRDWSEIAKETQAKVLEAILKHGNVDEAVKIVKEVTEKLSKYEIPPEKLVIYEQITRPLSEYKAIGPHVAVAKRLAAKGVKVKPGMVIGYIVLRGDGPISKRAIAIEEFDPKKHKYDAEYYIENQVLPAVERILRAFGYRKEDLKYQKTKQVGLGAWLKF
185,4HWGA,0,MAHHHHHHMLKVMTIVGTRPELIKLCCVISEFDKHTKHILVHTGQNYAYELNQVFFDDMGIRKPDYFLEVAADNTAKSIGLVIEKVDEVLEKEKPDAVLFYGDTNSCLSAIAAKRRKIPIFHMEAGNRCFDQRVPEEINRKIIDHISDVNITLTEHARRYLIAEGLPAELTFKSGSHMPEVLDRFMPKILKSDILDKLSLTPKQYFLISSHREENVDVKNNLKELLNSLQMLIKEYNFLIIFSTHPRTKKRLEDLEGFKELGDKIRFLPAFSFTDYVKLQMNAFCILSDSGTITEEASILNLPALNIREAHERPEGMDAGTLIMSGFKAERVLQAVKTITEEHDNNKRTQGLVPDYNEAGLVSKKILRIVLSYVDYINRTVWFKW
