id,Class,ProteinSequence
2MA1A,1,HDAPLFEALRAWRLQKAKELSLPPYTIFHDATLKTIAELRPGSHATLGTVSGVGGRKLAAYGDEVLQVVRDSSGG
4LC2A,1,SMEMQLTPFLILLRKTLEQLQEKDTGNIFSEPVPLSEVPDYLDHIKKPMDFFTMKQNLEAYRYLNFDDFEEDFNLIVSNCLKYNAKDTIFYRAAVRLREQGGAVLRQARRQAEKMG
4BLFA,1,RRTDEYILVRQTGQDKFAGTTKCNLDHLPTKAEFNASCRLYRDGVGNYYPPPLAFERIDLPEQLAAQLHNLEPREQSKQCFQYKLEVWNRAHAEMGITGTDIFYQTDKNIKLDRNYKLRPEDRYIQTEKYGRREIQKRYEHQFQAGSLLPDILIKTPQNDIHFSYRFAGDAYANKRFEEFERAIKTKYGSDTEIKLKSKSGIMHDSKYLESWERGSADIRFAEFAG
4BJ1A,1,GGGRVDHVFYQKFKSMALQELGTNYLSISYVPSLSKFLSKNLRSMKNCIVFFDKVEHIHQYAGIDRAVSETLSLVDINVVIIEMNDYLMKEGIQSSKSKECIESMGQASYSGQLDFEASEKPSNHTSDLMMMVMRKINNDESIDHIVYFKFEQLDKLSTSTIIEPSKLTEFINVLSVLEKSNNIAFKVLIYSNNVSISSLLSTSLKKKLNTKYTVFEMPILTCAQEQEYLKKMIKFTFDSGSKLLQSYNSLVTCQLNNKESNLAIFFEFLKVFPHPFTYLFNAYTEIIVQSRTFDELLDKIRNRLTIKNYPHSAYNFKK
4BHXA,1,GHMTDSEFFHQRFRNLIYVEFVGPRKTLIKLRNLCLDWLQPETRTKEEIIELLVLEQYLTIIPEKLKPWVRAKKPENCEKLVTLLENYKEMYQP
4JQFA,1,AEALSNPGALDLPSLTSLLSEKAKEFLMENRVQSFYQQELEMVESLLSLANQPVIHSASSDQVNFKKDTTSKAIHSIFKNAIQLLQEKGLVFQKDDGFDNLYYVTREDKDLHRKIHRIIQQDCQKPNHMEKGCHFLHILACARLSIRPGLSEAVLQQVLELLEDQSDIVSTMEHYYTAF
4JOIC,1,MLPKPGTYYLPWEVSAGQVPDGSTLRTFGRLCLYDMIQSRVTLMAQHGSDQHQVLVCTKLVEPFHAQVGSLYIVLGELQHQQDRGSVVKARVLTCVEGMNLPLLEQAIREQRLYKQERGGSQ
4JOIA,1,LDPVFLAFAKLYIRDILDMKESRQVPGVFLYNGHPIKQVDVLGTVIGVRERDAFYSYGVDDSTGVINCICWKKLNTESVSAAPSAARELSLTSQLKKLQETIEQKTKIEIGDTIRVRGSIRTYREEREIHATTYYKVDDPVWNIQIARMLELPTIYRKVYDQPFHS
4JOLA,1,SEEMIDHRLTDREWAEEWKHLDHLLNCIMDMVEKTRRSLTVLRRCQEADREELNYWIRRYSDAE
4JLXA,1,GAMGAWKLQTVLEKVRLSRHEISEAAEVVNWVVEHLLRRLQGGESEFKGVALLRTGSYYERVKISAPNEFDVMFKLEVPRIQLEEYCNSGAHYFVKFKRNPGGNPLEQFLEKEILSASKMLSKFRKIIKEEIKNIEDTGVTVERKRRGSPAVTLLISKPKEISVDIILALESKSSWPASTQKGLPISQWLGAKVKNNLKRQPFYLVPKHAKEGSGFQEETWRLSFSHIEKDILKNHGQSKTCCEIDGVKCCRKECLKLMKYLLEQLKKKFGNRRELAKFCSYHVKTAFFHVCTQDPHDNQWHLKNLECCFDNCVAYFLQCLKTEQLANYFIPGVNLFSRDLIDKPSKEFLSKQIEYERNNGFPVFW
4IDUA,1,MSSQFIFEDVPQRNAATFNPEVGYVAFIGKYGQQLNFGVARVFFLNQKKAKMVLHKTAQPSVDLTFGGVKFTVVNNHFPQYVSNPVPDNAITLHRMSGYLARWIADTCKASVLKLAEASAQIVMPLAEVKGCTWADGYTMYLGFAPGAEMFLDAFDFYPLVIEMHRVLKDNMDVNFMKKVLRQRYGTMTAEEWMTQKITEIKAAFNSVGQLAWAKSGFSPAARTFLQQFGINI
4ICGC,1,GSHMSDKPLTKTDYLMRLRRCQTIDTLERVIEKNKYELSDNELAVFYSAADHRLAELTMNKLYDKIPSSVWKFIR
4I99C,1,KKVEIDEEIFVIDDFRVDIEKYVEELYKVVKKIYEKTGTPIKFWDLVPDVEPKIIARTFLYLLFLENMGRVEIIQEEPFGEILVVPM
4I99A,1,MPYIEKLELKGFKSYGNKKVVIPFSKGFTAIVGANGSGKSNIGDAILFVLGGLSAKAMRASRISDLIFAGSKNEPPAKYAEVAIYFNNEDRGFPIDEDEVVIRRRVYPDGRSSYWLNGRRATRSEILDILTAAMISPDGYNIVLQGDITKFIKMSPLERRLLIDDISGIAEYDSKKEKALEEEKEKKNVFMRTFEAISRNFSEIFAKLSPGGSARLILENPEDPFSGGLEIEAKPAGKDVKRIEAMSGGEKALTALAFVFAIQKFKPAPFYLFDEIDAHLDDANVKRVADLIKESSKESQFIVITLRDVMMANADKIIGVSMRDGVSKVVSLSLEKAMKILEEIRKKQGWEHGN
4I1KA,1,MRGSHHHHHHGSRSKFYESASARKRTVTAEERERAINAAKTFEPTNPFFRVVLRPSYLYRGCIMYLPSGFAEKYLSGISGFIKVQLAEKQWPVRCLYKAGRAKFSQGWYEFTLENNLGEGDVCVFELLRTRDFVLKVTAFRVNEYV
4HPZA,1,SPAAQVDLRTLGYSQQQQEKIKPKVRSTVAQHHEALVGHGFTHAHIVALSQHPAALGTVAVKYQDMIAALPEATHEAIVGVGKQWSGACALEALLTVAGELRGPPLQLDTGQLLKIAKRGGVTAVEVHHTWRNALTGAPLNLTPDQVVAIASNIGGKQALETVQRLLPVLCQDHGLTPQQVVAIASNGGGKQALETVQRLLPVLCQAHGLTPDQVVAIASHDGGKQALETVQRLLPVLCQDHGLTPQQVVAIASNIGGKQALETVQRLLPVLCQDHGLTPDQVVAIASNDGGKQALETVQRLLPVLCQDHGLTPEQVVAIASNGGGKQALETVQRLLPVLCQAHGLTPDQVVAIASHDGGKQALETVQRLLPVLCQDHGLTPAQAVAIANNNGGKQALETVQRLLPVLCQDHGLTPDQVVAIASNGGGKQALESIVAQLSCPDPALAALTNDHLVALACLGGR
3W03C,1,MGSSHHHHHHSSGLVPRGSHMERKISRIHLVSEPSITHFLQVSWEKTLESGFVITLTDGHSAWTGTVSESEISQEADDMAMEKGKYVGELRKALLSGAGPADVYTFNFSKESCYFFFEKNLKDVSFRLGSFNLEKVENPAEVIRELICYCLDTIAENQAKNEHLQKENERLLRDWNDVQGRFEK
3W03A,1,SGMEELEQGLLMQPWAWLQLAENSLLAKVFITKQGYALLVSDLQQVWHEQVDTSVVSQRAKELNKRLTAPPAAFLCHLDNLLRPLLKDAAHPSEATFSCDCVADALILRVRSELSGLPFYWNFHCMLASPSLVSQHLIRPLMGMSLALQCQVRELATLLHMKDLEIQDYQESGATLIRDRLKTEPFEENSFLEQFMIEKLPEACSIGDGKPFVMNLQDLYMAVTTQEVQVGQKHQ
4HLXA,1,MHHHHHHSSGVDLGTENLYFQSMGKASIKDWIVCQVNSGKFPGVEWEDEERTRFRIPVTPLADPCFEWRRDGELGVVYIRERGNMPVDASFKGTRGRRRMLAALRRTRGLQEIGKGISQDGHHFLVFRVRKP
3VZIA,1,GHMSYGVRLHVWGERALFTRPEMKVERVSYDIITPSAARGILEAIHWKPAIRWVVDSIQVLKPICFESIRRNEVGSKLSAASISKAIKAGRTDELVKYVEEDRQQRAATVLREVGYIIAAHFEMTDKAGPDDNVGKHLDIFNRRARRGQCFQAPCLGTREFPASFALLGDDDTPPASDPALSGERDLGWMLHDIDFADGMTPRFFRARMVDGLVAVPPPQDGGVRA
3VZHA,1,GHMYRSRDFYVRVSGQRALFTNPATKGGSERSSYSVPTRQALNGIVDAIYYKPTFTNIVTEVKVINQIQTELQGVRALLHDYSADLSYVSYLSDVVYLIKFHFVWNEDRKDLNSDRLPAKHEAIMERSIRKGGRRDVFLGTRECLGLVDDISQEEYETTVSYYNGVNIDLGIMFHSFAYPKDKKTPLKSYFTKTVMKNGVITFKAQSECDIVNTLSSYAFKAPEEIKSVNDECMEYDAMEKGEN
4HIDA,1,MSDSFSLLSQITPHQRCSFYAQVIKTWYSDKNFTLYVTDYTENELFFPMSPYTSSSRWRGPFGRFSIRCILWDEHDFYCRNYIKEGDYVVMKNVRTKIDHLGYLECILHGDSAKRYNMSIEKVDSEEPELNEIKSRKRLYVQN
4HD0A,1,HHHHHHMKFAHLADIHLGYEQFHKPQREEEFAEAFKNALEIAVQENVDFILIAGDLFHSSRPSPGTLKKAIALLQIPKEHSIPVFAIEGNHDRTQRGPSVLNLLEDFGLVYVIGMRKEKVENEYLTSERLGNGEYLVKGVYKDLEIHGMKYMSSAWFEANKEILKRLFRPTDNAILMLHQGVREVSEARGEDYFEIGLGDLPEGYLYYARGHIHKRYETSYSGSPVVYPGSLERWDFGDYEVRYEWDGIKFKERYGVNKGFYIVEDFKPRFVEIKVRPFIDVKIKGSEEEIRKAIKRLIPLIPKNAYVRLNIGWRKPFDLTEIKELLNVEYLKIDTWRI
4H7AA,1,MSRGHHHHHHGSMSPGERFLDWLKRLQGQKAWTAARAAFRRSLAFPPGAYPRAMPYVEPFLAKGDWRQEEREAHYLVAALYALKDGDHQVGRTLARALWEKAQGSASVEKRFLALLEADRDQIAFRLRQAVALVEGGIDFARLLDDLLRWFSPERHVQARWAREYYGA
4H79A,1,GSMTTTETPKTISLTWVGTFVDQRVREIQEGYRLDNPRAVATLARLRRGAGKEIGDTPDLWGLILDDRFYADAPPLKEKDMEVAENSAHIALTLYAIHQQSRRDDRMHQRGWGLGEAVRRLMPSSEIDEPLRKRFVQVGHAVTYKALAQRLREIVTLLRRDAIPLDYGLLADQLYQFRTPQGAQRVRTAWGRGFHAYRPKTTQNPDSTTTTEKDNS
2LYJA,1,MIINNLKLIREKKKISQSELAALLEVSRQTINGIEKNKYNPSLQLALKIAYYLNTPLEDIFQWQPE
2LYHA,1,MGSSHHHHHHSSHMLVPRGSLEPSKNPLLGKKRALLLSEPSLLRTVQQIPGVGKVKAPLLLQKFPSIQQLSNASIGELEQVVGQAVAQQIHAFFTQPR
4GS3A,1,SNAMAGNFLENNTVTLVGKVFTPLEFSHELYGEKFFNFILEVPRLSETKDYLPITISNRLFEGMNLEVGTRVKIEGQLRSYNRKSPEEGKNKLILTVFARDISVVPE
2LW1A,1,GSHMKAETVKRSSSKLSYKLQRELEQLPQLLEDLEAKLEALQTQVADASFFSQPHEQTQKVLADMAAAEQELEQAFERWEYLEALKNGG
4G6DB,1,MKLKILDKDNATLNVFHRNKEHKTIDNVPTANLVDWYPLSNAYEYKLSRNGEYLELKRLRSTLPSSYGLDDNNQDIIRDNNHRCKIGYWYNPAVRKDNLKIIEKAKQYGLPIITEEYDANTVEQGFRDIGVIFQSLKTIVVTRYLEGKTEEELRIFNMKSEESQLNEALKESDFSVDLTYSDLGQIYNMLLLMKKISK
4G6DA,1,MKEQLEDVLDTLTDREENVLRLRFGLDDGRTRTLEEVGKVFGVTRERIRQIEAKALRKLRHPSRSKRLKDFMD
4G4KA,1,MDNSVETIELKRGSNSVYVQYDDIMFFESSTKSHRLIAHLDNRQIEFYGNLKELSQLDDRFFRCHNSFVVNRHNIESIDSKERIVYFKNKEHCYASVRNVKKI
2LVSA,1,MPSVNDSLDIVEKLYKDGVPVKEIAKRSNNSMSTVYKALEKLEAMGRIKRRKGRYRQHRRLTEEELATIRELYLKGATVYEIARQLGRPESTIYYALKKLGLKLE
4G12A,1,MTASAPDGRPGQPEATNRRSQLKSDRRFQLLAAAERLFAERGFLAVRLEDIGAAAGVSGPAIYRHFPNKESLLVELLVGVSARLLAGARDVTTRSANLAAALDGLIEFHLDFALGEADLIRIQDRDLAHLPAVAERQVRKAQRQYVEVWVGVLRELNPGLAEADARLMAHAVFGLLNSTPHSMKAADSKPARTVRARAVLRAMTVAALSAADRCL
4FW2A,1,PLREAKDLHTALHIGPRALSKASNISMQQAREVVQTCPHCNSAPALEAGVNPRGLGPLQIWQTDFTLEPRMAPRSWLAVTVDTASSAIVVTQHGRVTSVAVQHHWATAIAVLGRPKAIKTDNGSCFTSKSTREWLARWGIAHTTGIPGNSQGQAMVERANRLLKDKIRVLAEGDGFMKRIPTSKQGELLAKAMYALNHKERGENTKTPIQKHWRPTVLTEGPPVKIRIETGEWEKGWNVLVWGRGYAAVKNRDTDKVIWVPSRKVKPDIT
2LUYA,1,HMGKNDNDALIMCMRCRKVKGIDSYSKTQWSKTFTFVRGRTVSVSDPKVICRTCQPKQHDSIWCTACQQTKGINEFSKAQRHVLDPRCQICVHSQRN
4FE7A,1,MGSSHHHHHHSSGLVPRGSHMFTKRHRITLLFNANKAYDRQVVEGVGEYLQASQSEWDIFIEEDFRARIDKIKDWLGDGVIADFDDKQIEQALADVDVPIVGVGGSYHLAESYPPVHYIATDNYALVESAFLHLKEKGVNRFAFYGLPESSGKRWATEREYAFRQLVAEEKYRGVVYQGLETAPENWQHAQNRLADWLQTLPPQTGIIAVTDARARHILQVCEHLHIPVPEKLCVIGIDNEELTRYLSRVALSSVAQGARQMGYQAAKLLHRLLDKEEMPLQRILVPPVRVIERRSTDYRSLTDPAVIQAMHYIRNHACKGIKVDQVLDAVGISRSNLEKRFKEEVGETIHAMIHAEKLEKARSLLISTTLSINEISQMCGYPSLQYFYSVFKKAYDTTPKEYRDVNSEVML
4ATHA,1,GAMRFNINDRIKELGTLIPKSNDPDMRWNKGTILKASVDYIRKLQREQQRAKDLENRQKKLEHANRHLLLRVQELEMQARAHG
4EXWA,1,GIDPFTMLHIEFITDLGAKVTVDVESADKLLDVQRQYGRLGWTSGEVPVGGYQFPLENEPDFDWSLIGARKWTNPEGEEMILHRGHAYRRRELEAVDSRKMKLPAAVKYSRGAKNTDPEHVREKADGEFEYVTLAIFRGGKRQERYAVPGSNRPQAGAPARSAATRAQGARPGAVAVQDEETPF
4EQ6A,1,MMEYEDLELITIWPSPTKNKLCQFIKQNLSKEHVVTQLFFIDATSSFPLSQFQKLVPPTLPENVRIYENIRINTCLDLEELSAITVKLLQILSMNKINAQRGTEDAVTEPLKIILYINGLEVMFRNSQFKSSPQRSHELLRDTLLKLRVMGNDENENASIRTLLEFPKEQLLDYYLKKNNNTRTSSVRSKRRRIKNGDSLAEYIWKYYADSLFE
4EQ6B,1,MGSSHHHHHHSHGSMEVLKNIRIYPLSNFITSTKNYINLPNELRNLISEEQESKLGFLHIIESDFKPSVALQKLVNCTTGDEKILIIDIVSIWSQQKQRQHGAIYMNSLSCINITGLIVFLELLYDSPMDALRRCQVDNFNFQLRGIVIDNLSFLNFESDKNYDVINLSKFEKLFKILRKLREFLGCWIITKSFPTDFYNGIENTLVDKWSIKRKSGVTLYPTKLPDSYMKGMDLIIYREVVDGRPQYRRIAALEE
4EOGA,1,MGMRVLVTTWGNPFQWEPITYEYRGIKVKSRNTLPILVKTLEPERILILVADTMANYYDSGKNKPEIEEKSFSSYSEVVEDTKERILWHIKEEVIEELREEDPELAKKIENMLKDERITIEVLPGVGVFGNITVEGEMLDFYYYATYKLAEWLPVQNNLEVYLDLTHGINFMPTFTYRALRNLLGLLAYLYNVKFEIVNSEPYPLGVSQEIREDTILHIREIGEGVVRPRPQYSPVEGKLYWNAFISSVANGFPLVFASFYPNIRDVEDYLNKKLEEFLVGIEVGEREDGKPYVKREKALDRSFKNASKLYYALRVFNTKFQNYPKKEVPIEEIMEISKIFESLPRIGIILERQVEWLRNLVYGRLWYENGEQKIKKGLLEIIKDKKDKRKEAEALKKGKTISLAEAAKLTRIFSPSGERIETIESPNVVRNFIAHSGFEYNIVYVKYDRLSDRLYFFYKDKEKAANLAYEALLYRGEKE
3VPRA,1,VTTTRDRILEEAAKLFTEKGYEATSVQDLAQALGLSKAALYHHFGSKEEILYEISLLALKGLVAAGEKALEVADPKEALRRFMEAHARYFEENYPFFVTMLQGIKSLSPENRLKTIALRDRHEENLRAILRRGVEQGVFREVDVALAGRAVLSMLNWMIRWFRPDGPMRAEEVARAYHDLILRGLERGSA
4E1RA,1,MSYYHHHHHHDYDIPTTENLYFQGAMAKKVTVTLVDDFDGSGAADETVEFGLDGVTYEIDLSTKNATKLRGDLKQWVAAGRRVGGR
4DRAE,1,GSHMEGAGAGSGFRKELVSRLLHLHFKDDKTKVSGDALQLMVELLKVFVVEAAVRGVRQAQAEDALRVDVDQLEKVLPQLLLDF
4DKYA,1,MNKAELIDVLTQKLGSDRRQATAAVENVVDTIVRAVHKGDSVTITGFGVFEQRRRAARVARNPRTGETVKVKPTSVPAFRPGAQFKAVVSGAQRLPAEGPHHHHHH
4DG7A,1,MGSSHHHHHHSSGLVPRGSHMSNFVNLDIFSNYQKYIDNEQEVRENIRIVVREIEHLSKEAQIKLQIIHSDLSQISAACGLARKQVELCAQKYQKLAELVPAGQYYRYSDHWTFITQRLIFIIALVIYLEAGFLVTRETVAEMLGLKISQSEGFHLDVEDYLLGILQLASELSRFATNSVTMGDYERPLNISHFIGDLNTGFRLLNLKNDGLRKRFDALKYDVKKIEEVVYDVSIRGLSSKEKDQQEEPAVPATE
4DAMA,1,MRGSHHHHHHGSMNEIMICAVGNVATTPVFRDLANGPSVRFRLAVTARYWDREKNAWTDGHTNFFTVWANRQLATNASGSLAVGDPVVVQGRLKVRTDVREGQSRTSADIDAVAIGHDLARGTAAFRR
4D8JA,1,MKYQQLENLESGWKWKYLVKKHREGELITRYIEASAAQEAVDVLLSLENEPVLVNGWIDKHMNPELVNRMKQTIRARRKRHFNAEHQHTRKKSIDLEFIVWQRLAGLAQRRGKTLSETIVQLIEDAENKEKYANKMSSLKQDLQALLGKE
3V9RB,1,MLSKEALIKILSQNEGGNDMKIADEVVPMIQKYLDIFIDEAVLRSLQSHKDINGERGDKSPLELSHQDLERIVGLLLMDMLEHHHHHH
3V9RA,1,MNDDEDRAQLKARLWIRVEERLQQVLSSEDIKYTPRFINSLLELAYLQLGEMGSDLQAFARHAGRGVVNKSDLMLYLRKQPDLQERVTQE
4AD8A,1,GIDPFTMTRKARTPKAAPVPEAVAVVEPPPPDAAPTGPRLSRLEIRNLATITQLELELGGGFCAFTGETGAGKSIIVDALGLLLGGRANHDLIRSGEKELLVTGFWGDGDESEADSASRRLSSAGRGAARLSGEVVSVRELQEWAQGRLTIHWQHSAVSLLSPANQRGLLDRRVTKEAQAYAAAHAAWREAVSRLERLQASQRERARQIDLLAFQVQEISEVSPDPGEEEGLNTELSRLSNLHESSKHPTSLVPRGSGSAADPEALDRVEARLSALSKLKNKYGPTLEDVVEFGAQAAEELAGLEEDERDAGSLQADVDALHAELLKVGQALDAAREREAEPLVDSLLAVIRELGMPHARMEFALSALAEPAAYGLSDVLLRFSANPGEELGPLSDVASGGELSRVMLAVSTVLGADTPSVVFDEVDAGIGGAAAIAVAEQLSRLADTRQVLVVTHLAQIAARAHHHYKVEKQVEDGRTVSHVRLLTGDERLEEIARMLSGNTSEAALEHARELLAG
3V68A,1,MIERILEFTAKHEEWIVGENVEDFTNENIAMFLSRVSNTVSSKIPGYLGEKIDVNGLLSIKIEGSLEEKLKALISPKVSRQIGRLVMEDDKKLKKLLVEVAKAVLTREILKNELPIEFPGGKIEGLKIQPRYEEDHINFTARYGSWIVVKRMIIDEKTPLLDIARLLASINETAVNKIKDFADVDDKKIVEYFGGFKKVKKEEEIKEIVQLFREFKGNEFEVRYAAREMLSKLGLKVDVPSKNLEKYLEKAG
4ACOA,1,MRSSILFLLKLMKIMDVQQQQEAMSSEDRFQELVDSLKPRTAHQYKTYYTKYIQWCQLNQIIPTPEDNSVNSVPYKDLPISAELIHWFLLDTLITDDKPGEKREETEDLDEEEENSFKIATLKKIIGSLNFLSKLCKVHENPNANIDTKYLESVTKLHTHWIDSQKAITTNETNNTNTQVLCPPLLKVSLNLWNPETNHLSEKFFKTCSEKLRFLVDFQLRSYLNLSFEERSKIRFGSLKLGKRDRDAIIYHKVTHSAEKKDTPGHHQLLALLPQDCPFICPQTTLAAYLYLRFYGIPSVSKGDGFPNLNADENGSLLQDIPILRGKSLTTYPREETFSNYYTTVFRYCHLPYKRREYFNKCNLVYPTWDEDTFRTFFNEENHGNWLEQPEAFAFPDKIPFDFKKIMNFKSPYTSYSTNAKKDPFPPPKDLLVQIFPEIDEYKRHDYEGLSQNSRDFLDLMEVLRERFLSNLPWIYKFFPNHDIFQDPIFGNSDFQSYFNDKTIHSKGSPILSFDILPGFNKIYKNKTNFYSLLIERPSQLTFASSHNPDTHPTQKQESEGPLQMSQLDTTQLNELLKQQSFEYVQFQTLSNFQILLSVFNKIFEKLEMKKSSRGYILHQLNLFKITLDERIKKSKIDDADKFIRDNQPIKKEENIVNEDGPNTSRRTKRPKQIRLLSIADSSDESSTEDSNVFKKDGESIEDGAYGENEDENDSEMQEQLKSMINELINSKISTFLRDQMDQFELKINALLDKILEEKVTRIIEQKLGSHTGKFSTLKRPQLYMTEEHNVGFDMEVPKKLRTSGKYAETVKDNDDHQAMSTTASPSPEQDQEAKSYTDEQEFMLDKSIDSIEGIILEWFTPNAKYANQCVHSMNKSGNKSWRANCEALYKERKSIVEFYIYLVNHESLDRYKAVDICEKLRDQNEGSFSRLAKFLRKWRHDHQNSFDGLLVYLSN
3V4GA,1,MHHHHHHSSGVDLGTENLYFQSNAMRPSEKQDNLVRAFKALLKEERFGSQGEIVEALKQEGFENINQSKVSRMLTKFGAVRTRNAKMEMVYCLPTELGVPTVSSSLRELVLDVDHNQALVVIHTGPGAAQLIARMLDSLGKSEGILGVVAGDDTIFITPTLTITTEQLFKSVCELFEYAG
4ABXA,1,GIDPFTQRERARQIDLLAFQVQEISEVSPDPGEEEGLNTELSRLSNLHTIAQAAAGGVELLSDGDLNAAGLIGEAVRALNAGAKYDETVMQLQNELRAALESVQAIAGELRDVAEGSAADPEALDRVEARLSALSKLKNKYGPTLEDVVEFGAQAAEELAGLEEDERDAGSLQAD
3UX8A,1,MGSSHHHHHHSSGLVPRGSHMDKIIVKGARAHNLKNIDVEIPRGKLVVLTGLSGSGKSSLAFDTIYAEGQRRYVESLSAYARQFLGQMEKPDVDAIEGLSPAISIDQKTTSRNPRSTVGTVTEIYDYLRLLFARIGRLVGGKHIGEVTAMSVTEALAFFDGLELTEKEAQIARLILREIRDRLGFLQNVGLDYLTLSRSAGTLSGGEAQRIRLATQIGSRLTGVLYVLDEPSIGLHQRDNDRLIATLKSMRDLGNTLIVVEHDEDTMLAADYLIDIGPGAGIHGGEVVAAGTPEEVMNDPNSLTGQYLSGKKFIPIPAERRRPDGRWLEVVGAREHNLKNVSVKIPLGTFVAVTGVSGSGKSTLVNEVLYKALAQKLHRAKAKPGEHRDIRGLEHLDKVIDIDQSPIGRTPRSNPATYTGVFDDIRDVFASTNEAKVRGYKKGRFSFNVKGGRCEACHGDGIIKIEMHFLPDVYVPCEVCHGKRYNRETLEVTYKGKNIAEVLDMTVEDALDFFASIPKIKRKLETLYDVGLGYMKLGQPATTLSGGEAQRVKLAAELHRRSNGRTLYILDEPTTGLHVDDIARLLDVLHRLVDNGDTVLVIEHNLDVIKTADYIIDLGPEGGDRGGQIVAVGTPEEVAEVKESHTGRYLKPILERDRARMQARYEAAKA
3UWXB,1,MGSSHHHHHHSSGLVPRGSHMGPKKVEGRFQLVSPYEPQGDQPQAIAKLVDGLRLGVKHQTLLGATGTGKTFTISNVIAQVNKPTLVIAHNKTLAGQLHSELKEFFPHNAVEYFVSYYDYYQPEAYVPQTDTYIEKDAKINDEIDKLRHSATSALFERRDVIIVASVSCIYGLGSPEEYRELVVSLRVGMEIERNALLRRLVDIQYDRNDIDFRRGTFRVRGDVVEIFPASRDEHCIRVEFFGDEIERIREVDALTGEVLGEREHVAIFPASHFVTREEKMRLAIQNIEQELEERLAELRAQGKLLEAQRLEQRTRYDLEMMREMGFCSGIENYSRHLALRPPGSTPYTLLDYFPDDFLIIVDESHVTLPQLRGMYNGDRARKQVLVDHGFRLPSALDNRPLTFEEFEQKINQIIYISATPGPYELEHSPGVVEQIIRPTGLLDPTIDVRPTKGQIDDLIGEIHERVERNERTLVTTLTKKMAEDLTDYLKEAGIKVAYLHSEIKTLERIEIIRDLRLGKYDVLVGINLLREGLDIPEVSLVAILDADKEGFLRSERSLIQTIGRAARNANGHVIMYADTITKSMEIAIQETKRRRAIQEEYNRKHGIVPRTVKKEIRDVIRATYAAEETEMYEAKPAAAMTKQEREELIRKLEAEMKEAAKALDFERAAQLRDIIFELKAEG
3UQZA,1,MKITNYEIYKLKKSGLTNQQILKVLEYGENVDQELLLGDIADISGCRNPAVFMERYFQIDDAHLSKEFQKFPSFSILDDCYPWDLSEIYDAPVLLFYKGNLDLLKFPKVAVVGSRACSKQGAKSVEKVIQGLENELVIVSGLAKGIDTAAHMAALQNGGKTIAVIGTGLDVFYPKANKRLQDYIGNDHLVLSEYGPGEQPLKFHFPARNRIIAGLCRGVIVAEAKMRSGSLITCERAMEEGRDVFAIPGSILDGLSDGCHHLIQEGAKLVTSGQDVLAEFEFHHHHHH
3ULXA,1,MGMRRERDAEAELNLPPGFRFHPTDDELVEHYLCRKAAGQRLPVPIIAEVDLYKFDPWDLPERALFGAREWYFFTPRDRKYPNGSRPNRAAGNGYWKATGADKPVAPRGRTLGIKKALVFYAGKAPRGVKTDWIMHEYRLADAGRAAAGAKKGSLRLDDWVLCRLYNKKNEWEK
3ULJA,1,GSDPQVLRGSGHCKWFNVRMGFGFISMTSREGSPLENPVDVFVHQSKLYMEGFRSLKEGEPVEFTFKKSSKGFESLRVTGPGGNPCLGNE
3VK0A,1,MMGNKLTLPAELPDEQDLRAVLAYNMRLFRVNKGWSQEELARQCGLDRTYVSAVERKRWNIALSNIEKMAAALGVAAYQLLLPPQERLKLMTNSADTRQMPSESGILEHHHHHH
3U50C,1,QRIYSSIEEIIQQAQASEIGQKKEFYVYGNLVSIQMKNKLYYYRCTCQGKSVLKYHGDSFFCESCQQFINPQVHLMLRAFVQDSTGTIPVMIFDQQSSQLINQIDPSIHVQEAGQYVKNCIENGQEEIIRQLFSKLDFARFIFEIQFENKEFNNEQEIAYKVLKIEKENIKE
3U4VA,1,NFNIGSLSDQLSKQTLLISQLQVGKNRFSFKFEGRVVYKSSTFQNQQDSKYFFITAQDANNQEINMSFWQKVDQSYQTLKVGQYYYFIGGEVKQFKNNLELKFKFGDYQIIPKETLS
3U4ZA,1,TLLISEVLKTSKQYLSVLAQVVDIQSSDKNIRLKICDNSCNQELKVVIFPDLCYEWRDKFSINKWYYFNEFVRQIYNDEVQLKNNIHSSIKESDDQRKVITYNQEQGVF
3VIBA,1,MRKTKTEALKTKEHLMLAALETFYRKGIARTSLNEIAQAAGVTRDALYWHFKNKEDLFDALFQRICDDIENCIAQDAADAEGGSWTVFRHTLLHFFERLQSNDIHYKFHNILFLKCEHTEQNAAVIAIARKHQAIWREKITAVLTEAVENQDLADDLDKETAVIFIKSTLDGLIWRWFSSGESFDLGKTAPRIIGIMMDNLENHPCLRRK
3TUOA,1,GPGSGTMLPVFCVVEHYENAIEYDCKEEHAEFVLVRKDMLFNQLIEMALLSLGYSHSSAAQAKGLIQVGKWNPVPLSYVTDAPDATVADMLQDVYHVVTLKIQLH
4A11A,1,MHHHHHHVDENLYFQGGGRMSYNYVVTAQKPTAVNGCVTGHFTSAEDLNLLIAKNTRLEIYVVTAEGLRPVKEVGMYGKIAVMELFRPKGESKDLLFILTAKYNACILEYKQSGESIDIITRAHGNVQDRIGRPSETGIIGIIDPECRMIGLRLYDGLFKVIPLDRDNKELKAFNIRLEELHVIDVKFLYGCQAPTICFVYQDPQGRHVKTYEVSLREKEFNKGPWKQENVEAEASMVIAVPEPFGGAIIIGQESITYHNGDKYLAIAPPIIKQSTIVCHNRVDPNGSRYLLGDMEGRLFMLLLEKEEQMDGTVTLKDLRVELLGETSIAECLTYLDNGVVFVGSRLGDSQLVKLNVDSNEQGSYVVAMETFTNLGPIVDMCVVDLERQGQGQLVTCSGAFKEGSLRIIRNGIGIHEHASIDLPGIKGLWPLRSDPNRETDDTLVLSFVGQTRVLMLNGEEVEETELMGFVDDQQTFFCGNVAHQQLIQITSASVRLVSQEPKALVSEWKEPQAKNISVASCNSSQVVVAVGRALYYLQIHPQELRQISHTEMEHEVACLDITPLGDSNGLSPLCAIGLWTDISARILKLPSFELLHKEMLGGEIIPRSILMTTFESSHYLLCALGDGALFYFGLNIETGLLSDRKKVTLGTQPTVLRTFRSLSTTNVFACSDRPTVIYSSNHKLVFSNVNLKEVNYMCPLNSDGYPDSLALANNSTLTIGTIDEIQKLHIRTVPLYESPRKICYQEVSQCFGVLSSRIEVQDTSGGTTALRPSASTQALSSSVSSSKLFSSSTAPHETSFGEEVEVHNLLIIDQHTFEVLHAHQFLQNEYALSLVSCKLGKDPNTYFIVGTAMVYPEEAEPKQGRIVVFQYSDGKLQTVAEKEVKGAVYSMVEFNGKLLASINSTVRLYEWTTEKELRTECNHYNNIMALYLKTKGDFILVGDLMRSVLLLAYKPMEGNFEEIARDFNPNWMSAVEILDDDNFLGAENAFNLFVCQKDSAATTDEERQHLQEVGLFHLGEFVNVFCHGSLVMQNLGETSTPTQGSVLFGTVNGMIGLVTSLSESWYNLLLDMQNRLNKVIKSVGKIEHSFWRSFHTERKTEPATGFIDGDLIESFLDISRPKMQEVVANLQYDDGSGMKREATADDLIKVVEELTRIH
4A11B,1,MLGFLSARQTGLEDPLRLRRAESTRRVLGLELNKDRDVERIHGGGINTLDIEPVEGRYMLSGGSDGVIVLYDLENSSRQSYYTCKAVCSIGRDHPDVHRYSVETVQWYPHDTGMFTSSSFDKTLKVWDTNTLQTADVFNFEETVYSHHMSPVSTKHCLVAVGTRGPKVQLCDLKSGSCSHILQGHRQEILAVSWSPRYDYILATASADSRVKLWDVRRASGCLITLDQHNGKKSQAVESANTAHNGKVNGLCFTSDGLHLLTVGTDNRMRLWNSSNGENTLVNYGKVCNNSKKGLKFTVSCGCSSEFVFVPYGSTIAVYTVYSGEQITMLKGHYKTVDCCVFQSNFQELYSGSRDCNILAWVPSLYEPVPDDDETTTKSQLNPAFEDAWSSSDEEGGTSAWSHPQFEK
3TRBA,1,SNAMAANRMRPIHPGEILAEELGFLDKMSANQLAKHLAIPTNRVTAILNGARSITADTALRLAKFFGTTPEFWLNLQDAYDIKMALKKSGKKIEKEVTPYDQAA
2LJ6A,1,MPSSKPLAEYARKRDFRQTPEPSGRKPRKDSTGLLRYCVQKHDASRLHYDFRLELDGTLKSWAVPKGPCLDPAVKRLAVQVEDHPLDYADFEGSIPQGHYGAGDVIVWDRGAWTPLDDPREGLEKGHLSFALDGEKLSGRWHLIRTNLRGKQSQWFLVKAKDGEARSLDRFDVLKER
3TOCA,1,GSFTMNLNFSLLDEPIPLRGGTILVLEDVCVFSKIVQYCYQYEEDSELKFFDHKMKTIKESEIMLVTDILGFDVNSSTILKLIHADLESQFNEKPEVKSMIDKLVATITELIVFECLENELDLEYDEITILELIKSLGVKVETQSDTIFEKCLEILQIFKYLTKKKLLIFVNSGAFLTKDEVASLQEYISLTNLTVLFLEPRELYDFPQYILDEDYFLITKNMV
2LI6A,1,QSLNPALQEKISTELNNKQYELFMKSLIENCKKRNMPLQSIPEIGNRKINLFYLYMLVQKFGGADQVTRTQQWSMVAQRLQISDYQQLESIYFRILLPYERHMISQEGIKETQAKR
3VH5A,1,GSEAAGGEQRELLIQRLRAAVHYTTGALAQDVAEDKGVLFSKQTVAAISEITFRQAENFARDLEMFARHAKRSTITSEDVKLLARRSNSLLKYITQKSDELASSNMEQKEKKKKKSSAAKGRKTEENETPVTESEDSNMA
3VH5W,1,GYRRTVPRGTLRKIIKKHKPHLRLAANTDLLVHLSFLLFLHRLAEEARTNAFENKSKIIKPEHTIAAAKVILKKSRG
3TEKA,1,MGEELREEERGEVRSELITKGEKKLVLIRWNTGKTSAGRLFGRYGPGGRPEFFKLLFGAVAGSLREQFGPDGENIFNRIRDSEKFRETSRELFDGLKKWFFEEAVPRYNLERGDIFMISTELVLDPDTGELLWNRDKTQLIYWIRSDR
3TB6A,1,GIDPFTSAKSALHSNKTIGVLTTYISDYIFPSIIRGIESYLSEQGYSMLLTSTNNNPDNERRGLENLLSQHIDGLIVEPTKSALQTPNIGYYLNLEKNGIPFAMINASYAELAAPSFTLDDVKGGMMAAEHLLSLGHTHMMGIFKADDTQGVKRMNGFIQAHRERELFPSPDMIVTFTTEEKESKLLEKVKATLEKNSKHMPTAILCYNDEIALKVIDMLREMDLKVPEDMSIVGYDDSHFAQISEVKLTSVKHPKSVLGKAAAKYVIDCLEHKKPKQEDVIFEPELIIRQSARKLNE
3SIAA,1,MQPPVANFCLWNLQPIQGSWMGAACIYQMPPSVRNTWWFPLLNTIPLDQYTRIYQWFMGVDRDRSGTLEINELMMGQFPGGIRLSPQTALRMMRIFDTDFNGHISFYEFMAMYKFMELAYNLFVMNARARSGTLEPHEILPALQQLGFYINQRTSLLLHRLFARGMAFCDLNCWIAICAFAAQTRSAYQMIFMNPYYGPMKPFNPMEFGKFLDVVTSLLE
3ZQJA,1,MGHHHHHHHHHHSSGHIEGRHMADRLIVKGAREHNLRSVDLDLPRDALIVFTGLSGSGKSSLAFDTIFAEGQRRYVESLSAYARQFLGQMDKPDVDFIEGLSPAVSIDQKSTNRNPRSTVGTITEVYDYLRLLYARAGTPHCPTCGERVARQTPQQIVDQVLAMPEGTRFLVLAPVVRTRKGEFADLFDKLNAQGYSRVRVDGVVHPLTDPPKLKKQEKHDIEVVVDRLTVKAAAKRRLTDSVETALNLADGIVVLEFVDHELGAPHREQRFSEKLACPNGHALAVDDLEPRSFSFNSPYGACPECSGLGIRKEVDPELVVPDPDRTLAQGAVAPWSNGHTAEYFTRMMAGLGEALGFDVDTPWRKLPAKARKAILEGADEQVHVRYRNRYGRTRSYYADFEGVLAFLQRKMSQTESEQMKERYEGFMRDVPCPVCAGTRLKPEILAVTLAGESKGEHGAKSIAEVCELSIADCADFLNALTLGPREQAIAGQVLKEIRSRLGFLLDVGLEYLSLSRAAATLSGGEAQRIRLATQIGSGLVGVLYVLDEPSIGLHQRDNRRLIETLTRLRDLGNTLIVVEHDEDTIEHADWIVDIGPGAGEHGGRIVHSGPYDELLRNKDSITGAYLSGRESIEIPAIRRSVDPRRQLTVVGAREHNLRGIDVSFPLGVLTSVTGVSGSGKSTLVNDILAAVLANRLNGARQVPGRHTRVTGLDYLDKLVRVDQSPIGRTPRSNPATYTGVFDKIRTLFAATTEAKVRGYQPGRFSFNVKGGRCEACTGDGTIKIEMNFLPDVYVPCEVCQGARYNRETLEVHYKGKTVSEVLDMSIEEAAEFFEPIAGVHRYLRTLVDVGLGYVRLGQPAPTLSGGEAQRVKLASELQKRSTGRTVYILDEPTTGLHFDDIRKLLNVINGLVDKGNTVIVIEHNLDVIKTSDWIIDLGPEGGAGGGTVVAQGTPEDVAAVPASYTGKFLAEVVGGGASAATSRSNRRRNVSA
3B0CT,1,GSTREPEIASSLIKQIFSHYVKTPVTRDAYKIVEKCSERYFKQISSDLEAYSQHAGRKTVEMADVELLMRRQGLVTDKMPLHVLVERHLPLEYRKLLIPIAVSGNKVIPCK
3S5RA,1,GMQATMTDKNTRELLLDAATTLFAEQGIAATTMAEIAASVGVNPAMIHYYFKTRDSLLDTIIEERIGRIIDMIWEPVTGEEDDPLIMVRDLVNRIVNTCETMLWLPSLWIREIVNEGGALREKMLNNIPIDKMNKFSAKIAEGQKQGVINSGIDSRLLIGSIIGLTMLPLATAKLRDQIPTMKGLSSEDIVCHVTALLFTGLTNPSNSDDIKKQRT
3S4WB,1,SHNSHEVEENGSVFVKLLKASGLTLKTGENQNQLGVDQVIFQRKLFQALRKHPAYPKVIEEFVNGLESYTEDSESLRNCLLSCERLQDEEASMGTFYSKSLIKLLLGIDILQPAIIKMLFEKVPQFLFESENRDGINMARLIINQLKWLDRIVDGKDLTAQMMQLISVAPVNLQHDFITSLPEILGDSQHANVGKELGELLVQNTSLTVPILDVFSSLRLDPNFLSKIRQLVMGKLSSVRLEDFPVIVKFLLHSVTDTTSLEVIAELRENLNVQQFILPSRIQASQSKLKSKGLASSSGNQENSDKDCIVLVFDVIKSAIRYEKTISEAWFKAIERIESAAEHKSLDVVMLLIIYSTSTQTKKGVEKLLRNKIQSDCIQEQLLDSAFSTHYLVLKDICPSILLLAQTLFHSQDQRIILFGSLLYKYAFKFFDTYCQQEVVGALVTHVCSGTEAEVDTALDVLLELIVLNASAMRLNAAFVKGILDYLENMSPQQIRKIFCILSTLAFSQQPGTSNHIQDDMHLVIRKQLSSTVFKYKLIGIIGAVTMAGIMAEDRSVPSNSSQRSANVSSEQRTQVTSLLQLVHSCTEHSPWASSLYYDEFANLIQERKLAPKTLEWVGQTIFNDFQDAFVVDFCAAPEGDFPFPVKALYGLEEYSTQDGIVINLLPLFYQECAKDASRATSQESSQRSMSSLCLASHFRLLRLCVARQHDGNLDEIDGLLDCPLFLPDLEPGEKLESMSAKDRSLMCSLTFLTFNWFREVVNAFCQQTSPEMKGKVLSRLKDLVELQGILEKYLAVIPDYVPPFASVDLDTLDMMPRKTFVSLQNYRAFFRELDIEVFSILHSGLVTKFILDTEMHTEATEVVQLGPAELLFLLEDLSQKLENMLTAPFAKRICCFKNKGRQNIGFSHLHQRSVQDIVHCVVQLLTPMCNHLENIHNFFQCLGAEHLSADDKARATAQEQHTMACCYQKLLQVLHALFAWKGFTHQSKHRLLHSALEVLSNRLKQMEQDQPLEELVSQSFSYLQNFHHSVPSFQCGLYLLRLLMALLEKSAVPNQKKEKLASLAKQLLCRAWPHGEKEKNPTFNDHLHDVLYIYLEHTDNVLKAIEEITGVGVPELVSAPKDAASSTFPTLTRHTFVIFFRVMMAELEKTVKGLQAGTAADSQQVHEEKLLYWNMAVRDFSILLNLMKVFDSYPVLHVCLKYGRRFVEAFLKQCMPLLDFSFRKHREDVLSLLQTLQLNTRLLHHLCGHSKIRQDTRLTKHVPLLKKSLELLVCRVKAMLVLNNCREAFWLGTLKNRDLQGEEIISQDPSSSESNAEDSEDG
3S4WA,1,MDLKILSLATDKTTDKLQEFLQTLKDDDLASLLQNQAVKGRAVGTLLRAVLKGSPCSEEDGALRRYKIYSCCIQLVESGDLQQDVASEIIGLLMLEVHHFPGPLLVDLASDFVGAVREDRLVNGKSLELLPIILTALATKKEVLACGKGDLNGEEYKRQLIDTLCSVRWPQRYMIQLTSVFKDVCLTPEEMNLVVAKVLTMFSKLNLQEIPPLVYQLLVLSSKGSRRSVLDGIIAFFRELDKQHREEQSSDELSELITAPADELYHVEGTVILHIVFAIKLDCELGRELLKHLKAGQQGDPSKCLCPFSIALLLSLTRIQRFEEQVFDLLKTSVVKSFKDLQLLQGSKFLQTLVPQRTCVSTMILEVVRNSVHSWDHVTQGLIEFGFILMDSYGPKKILDGKAVEIGTSLSKMTNQHACKLGANILLETFKIHEMIRQEILEQVLNRVVTRTSSPINHFLDLFSDIIMYAPLILQNCSKVTETFDYLTFLPLQTVQGLLKAVQPLLKISMSMRDSLILVLRKAMFASQLDARKSAVAGFLLLLKNFKVLGSLPSSQCTQSIGVTQVRVDVHSRYSAVANETFCLEIIDSLKRSLGQQADIRLMLYDGFYDVLRRNSQLASSIMQTLFSQLKQFYEPEPDLLPPLKLGACVLTQGSQIFLQEPLDHLLSCIQHCLAWYKSRVVPLQQGDEGEEEEEELYSELDDMLESITVRMIKSELEDFELDKSADFSQNTNVGIKNNICACLIMGVCEVLMEYNFSISNFSKSKFEEILSLFTCYKKFSDILSEKAGKGKAKMTSKVSDSLLSLKFVSDLLTALFRDSIQSHEESLSVLRSSGEFMHYAVNVTLQKIQQLIRTGHVSGPDGQNPDKIFQNLCDITRVLLWRYTSIPTSVEESGKKEKGKSISLLCLEGLQKTFSVVLQFYQPKVQQFLQALDVMGTEEEEAGVTVTQRASFQIRQFQRSLLNLLSSEEDDFNSKEALLLIAVLSTLSRLLEPTSPQFVQMLSWTSKICKEYSQEDASFCKSLMNLFFSLHVLYKSPVTLLRDLSQDIHGQLGDIDQDVEIEKTDHFAVVNLRTAAPTVCLLVLSQAEKVLEEVDWLIAKIKGSANQETLSDKVTPEDASSQAVPPTLLIEKAIVMQLGTLVTFFHELVQTALPSGSCVDTLLKGLSKIYSTLTAFVKYYLQVCQSSRGIPNTVEKLVKLSGSHLTPVCYSFISYVQNKSSDAPKCSEKEKAAVSTTMAKVLRETKPIPNLVFAIEQYEKFLIQLSKKSKVNLMQHMKLSTSRDFKIKGSVLDMVLREDEEHHHHHH
3RLOA,1,GSVDDSAQSDLKEVMVLNATESFVYEPKEQKKMFHATVATENEVFRVKVFNIDLKEKFTPKKIIAIANYVCRNGFLEVYPFTLVADVNADRNMEIPKGLIRSASVTPKINQLCSQTKGSFVNGVFEVHKKNVRGEFTYYEIQDNTGKMEVVVHGRLTTINCEEGDKLKLTCFELAPKSGNTGELRSVIHSHIKVIKTRKNAAAS
3RH2A,1,GMKTRDKIIQASLELFNEHGERTITTNHIAAHLDISPGNLYYHFRNKEDIIRCIFDQYEQHLLLGFKPYADQKVDLELLMSYFDAMFYTMWQFRFMYANLADILARDDTLKARYLKVQQAVLEQSIAVLNQLKKDGILQIEDERIADLADTIKMIIGFWISYKLTQSSIATISKASLYEGLLRVLMIFKAYSTPDSLANFDRLEQHFRSQSN
3AXJB,1,MPKNGGAGHRNTAPRKRQIPAAQLDEDSPIVQQFRIYSNELIMKHDRHERIVKLSRDITIESKRIIFLLHSIDSRKQNKEKVLEEARQRLNKLIAVNFRAVALELRDQDVYQFRSSYSPGLQEFIQAYTYMEYLCHEDAEGENETKSVSDWQAIQAVMQYVEESSQPKEEPTEGEDVQAIAQVESPKKFQFFVDPTEYILGLSDLTGELMRRCINSLGSGDTDTCLDTCKALQHFYSGYISLNCQRARELWRKITTMKQSVLKAENVCYNVKVRGGEAAKWGATFDQKPADEVDEGFY
3RCOA,1,ENLYFQGMLEGDLVSKMLRAVLQSHKNGVALPRLQGEYRSLTGDWIPFKQLGFPTLEAYLRSVPAVVRIETSRSGEITCYAMACTETAR
3R4KA,1,GMGTVSKALTLLTYFNHGRLEIGLSDLTRLSGMNKATVYRLMSELQEAGFVEQVEGARSYRLGPQVLRLAALREASVPILSASRRVLRELSEDTGETTHLSLLQGEQLASLSHAYSSRNATKVMMEDAEVLTFHGTASGLAVLAYSEPSFVDAVLAAPLTARTPQTQTDPAAIRAEIAEVRRTGLAQSIGGFEAEVHSHAVPIFGPDRAVLGALAVAAPTSRMTPDQKRTIPPALRAAGLSLTERIGGACPPEFPTDIAA
3R0JA,1,GTHMRKGVDLVTAGTPGENTTPEARVLVVDDEANIVELLSVSLKFQGFEVYTATNGAQALDRARETRPDAVILDVMMPGMDGFGVLRRLRADGIDAPALFLTARDSLQDKIAGLTLGGDDYVTKPFSLEEVVARLRVILRRAGKGNKEPRNVRLTFADIELDEETHEVWKAGQPVSLSPTEFTLLRYFVINAGTVLSKPKILDHVWRYDFGGDVNVVESYVSYLRRKIDTGEKRLLHTLRGVGYVLREPR
3QU3A,1,GSHMAEVRGVQRVLFGDWLLGEVSSGQYEGLQWLNEARTVFRVPWKHFGRRDLDEEDAQIFKAWAVARGRWPPSGVNLPPPEAEAAERRERRGWKTNFRCALHSTGRFILRQDNSGDPVDPHKVYELSRELGSTVGP
3QODA,1,SNAMSNDVDLIKRLGPSAMDQIMLYLAFSAMRTSGHRHGAFLDAAATAAKCAIYMTYLEQGQNLRMTGHLHHLEPKRVKAIVEEVRQALTEGKLLKMLGSQEPRYLIQFPYVWMEKYPWRPGRSRIPGTSLTSEEKRQIEQKLPSNLPDAHLITSFEFLELIEFLHKRSQEDLPKEHQMPLSEALAEHIKRRLLYSGTVTRIDSPWGMPFYALTRPFYAPADDQERTYIMVEDTARFFRMMRDWAEKRPNTMRVLEELDILPEKMQQAKDELDEIIRAWADKYHQDDGVPVVLQMVFGKKED
2L8DA,1,GAMGMPNRKYADGEVVMGRWPGSVLYYEVQVTSYDDASHLYTVKYKDGTELALKESDIRLQSSFKQ
3Q8DA,1,MEGWQRAFVLHSRPWSETSLMLDVFTEESGRVRLVAKGARSKRSTLKGALQPFTPLLLRFGGRGEVKTLRSAEAVSLALPLSGITLYSGLYINELLSRVLEYETRFSELFFDYLHCIQSLAGVTGTPEPALRRFELALLGHLGYGVNFTHCAGSGEPVDDTMTYRYREEKGFIASVVIDNKTFTGRQLKALNAREFPDADTLRAAKRFTRMALKPYLGGKPLKSRELFRQFMPKRTVKTHYE
4IAOC,0,GSMNTIITHPGKMELVYVSDSDDSSSDNDSLTDLESLSSGESNEIKVTNDLDTSAEKDQIQAGKWFDPVLDWRKSDRELTKNILWRIADKTTYDKETITDLIEQGIPKHSYLSGNPLTSVTNDICSVENYETSSAFFYQQVHKKDRLQYLPLYAVSTFE
4I8DA,0,AVVPPAGTPWGTAYDKAKAALAKLNLQDKVGIVSGVGWNGGPCVGNTSPASKISYPSLCLQDGPLGVRYSTGSTAFTPGVQAASTWDVNLIRERGQFIGEEVKASGIHVILGPVAGPLGKTPQGGRNWEGFGVDPYLTGIAMGQTINGIQSVGVQATAKHYILNEQELNRETISSNPDDRTLHELYTWPFADAVQANVASVMCSYNKVNTTWACEDQYTLQTVLKDQLGFPGYVMTDWNAQHTTVQSANSGLDMSMPGTDFNGNNRLWGPALTNAVNSNQVPTSRVDDMVTRILAAWYLTGQDQAGYPSFNISRNVQGNHKTNVRAIARDGIVLLKNDANILPLKKPASIAVVGSAAIIGNHARNSPSCNDKGCDDGALGMGWGSGAVNYPYFVAPYDAINTRASSQGTQVTLSNTDNTSSGASAARGKDVAIVFITADSGEGYITVEGNAGDRNNLDPWHNGNALVQAVAGANSNVIVVVHSVGAIILEQILALPQVKAVVWAGLPSQESGNALVDVLWGDVSPSGKLVYTIAKSPNDYNTRIVSGGSDSFSEGLFIDYKHFDDANITPRYEFGYGLSYTKFNYSRLSVLSTAKSGPATGAVVPGGPSDLFQNVATVTVDIANSGQVTGAEVAQLYITYPSSAPRTPPKQLRGFAKLNLTPGQSGTATFNIRRRDLSYWDTASQKWVVPSGSFGISVGASSRDIRLTSTLSVA
3ZDWA,0,MTLEKFVDALPIPDTLKPVQQSKEKTYYEVTMEECTHQLHRDLPPTRLWGYNGLFPGPTIEVKRNENVYVKWMNNLPSTHFLPIDHTIHHSDSQHEEPEVKTVVHLHGGVTPDDSDGYPEAWFSKDFEQTGPYFKREVYHYPNQQRGAILWYHDHAMALTRLNVYAGLVGAYIIHDPKEKRLKLPSDEYDVPLLITDRTINEDGSLFYPSAPENPSPSLPNPSIVPAFCGETILVNGKVWPYLEVEPRKYRFRVINASNTRTYNLSLDNGGDFIQIGSDGGLLPRSVKLNSFSLAPAERYDIIIDFTAYEGESIILANSAGCGGDVNPETDANIMQFRVTKPLAQKDESRKPKYLASYPSVQHERIQNIRTLKLAGTQDEYGRPVLLLNNKRWHDPVTETPKVGTTEIWSIINPTRGTHPIHLHLVSFRVLDRRPFDIARYQESGELSYTGPAVPPPPSEKGWKDTIQAHAGEVLRIAATFGPYSGRYVWHCHILEHEDYDMMRPMDITDPHK
3W1SC,0,GAHMNIQKIQIKFQPIGSIGQLKPSVCKISMSQSFAMVILFLKRRLKMDHVYCYINNSFAPSPQQNIGELWMQFKTNDELIVSYCASVAFG
4I1DA,0,SNAQITFVSQGGAYQAAQTVAILDPSAKKLGITINQDSIPDAWPAIKTQVGSGKPIWDVVDTPTGYCLRGGEQGLIEKLDFSKIPNAAAMPEAYRSPYSVSYEFYSSVLAYSQKTFPKDAPNSWVDFWDVKKFPGRRALRNHPIATLEAALMADGVAPDKLYPLDVDRAFKKLEEIKPHITVWWTSGAQSAQLLNDGEVDMEMAWNGRVSAVAKEGAKVSFTYNQGILQSTSLCILKGAPNLETAVKFLNEAVDPVHQANLPLHIDYGPGNPKAFETNVIKPERAAQLPSEPANAAKQALMSYAWWSSPAGEAAEKRWASFMQK
4HY3A,0,MHHHHHHSSGVDLGTENLYFQSMTNTERPLAISAPEPRSLDLIFSDEARAALHSKYEIVEADPENIAGLGDDILGRARYIIGQPPLSAETLARMPALRSILNVESNLLNNMPYEVLFQRGIHVVTTGQVFAEPVAEIGLGFALALARGIVDADIAFQEGTELWGGEGNASARLIAGSEIGIVGFGDLGKALRRVLSGFRARIRVFDPWLPRSMLEENGVEPASLEDVLTKSDFIFVVAAVTSENKRFLGAEAFSSMRRGAAFILLSRADVVDFDALMAAVSSGHIVAASDVYPEEPLPLDHPVRSLKGFIRSAHRAGALDSAFKKMGDMVLEDMDLMDRGLPPMRCKRAERETVSRMRSKPVAVN
4HWXA,0,GSAHGPSAMVFTVIQGSGEPTDTVLRATTLSCAYTAEGTHPAPRAACDALNATDGELNRLLAAPDPSLVCPMYFDPVTVTADGVLNGRRVAWKHTFSNTCVMSANLNSNPVYAF
2M0YA,0,MTRWVPTKREEKYGVAFYNYDARGADELSLQIGDTVHILETYEGWYRGYTLRKKSKKGIFPASYIHLKEAIVEG
4HVTA,0,MAHHHHHHMAMEDNNKQIFNPKETKFLEEAEGVEALEWAKERTSKTEKALQAMQEYKQIKKEIETIFYDQRKTPYGVIRKGYVYNFWMDDKNPQGLWRRTLVDNYSKDKPNWEVLIDFDKLSKKIGKKVAYRGVSNCFQNPNRYLISMSFGGKDEMFFREWDLEKKDFVKNGFEPITNSGKLLEGKFTYPTWINKDTIIFNLVLHKNEITSSLYPNSLYIWKRGESIEKAKKLFEVPKEYIYVSAGKLLSDTISSSLIFISANKDFYNYDNYILDTKYKNLKLQKINMPSDATLQGSFKEYVFWLLRSDWKFKSHNIKAGSLVALHFTDLLKTESDKTSLKILFTPTANEVFNFISTTKDRVFLATYDNVVAKVVTFTLENEQWTKPVVLKLPYQNAIFGMSSYEEEEEALITIENSIVPPTIYLWVKTHELKIIRKALYSFDSENYVLEQKEATSFDGVKIPYFLVYKKGIKFDGKNPTLLEAYGGFQVINAPYFSRIKNEVWVKNAGVSVLANIRGGGEFGPEWHKSAQGIKRQTAFNDFFAVSEELIKQNITSPEYLGIKGGSNGGLLVSVAMTQRPELFGAVACEVPILDMIRYKEFGAGHSWVTEYGDPEIPNDLLHIKKYAPLENLSLTQKYPTVLITDSVLDQRVHPWHGRIFEYVLAQNPNTKTYFLESKDSGHGSGSDLKESANYFINLYTFFANALKLKIN
4HWGA,0,MAHHHHHHMLKVMTIVGTRPELIKLCCVISEFDKHTKHILVHTGQNYAYELNQVFFDDMGIRKPDYFLEVAADNTAKSIGLVIEKVDEVLEKEKPDAVLFYGDTNSCLSAIAAKRRKIPIFHMEAGNRCFDQRVPEEINRKIIDHISDVNITLTEHARRYLIAEGLPAELTFKSGSHMPEVLDRFMPKILKSDILDKLSLTPKQYFLISSHREENVDVKNNLKELLNSLQMLIKEYNFLIIFSTHPRTKKRLEDLEGFKELGDKIRFLPAFSFTDYVKLQMNAFCILSDSGTITEEASILNLPALNIREAHERPEGMDAGTLIMSGFKAERVLQAVKTITEEHDNNKRTQGLVPDYNEAGLVSKKILRIVLSYVDYINRTVWFKW
4HQFA,0,RDVQNNIVDEIKYREEVCNDEVDLYLLMDGSGSIRRHNWVNHAVPLAMKLIQQLNLNDNAIHLYASVFSNNAREIIRLHSDASKNKEKALIIIKSLLSTNLPYGKTSLTDALLQVRKHLNDRINRENANQLVVILTDGIPDSIQDSLKESRKLSDRGVKIAVFGIGQGINVAFNRFLVGCHPSDGKCNLYADSAWENVKNVIGPFMKAVCVEVEKTASCGVWDEWSPCSVTCGKGTRSRKREILHEGCTSELQEQCEEERCLPKREPLDVPDEPHHHHHHA
4HPQC,0,MNEAVIEKLLENSRKFLTGAKLICQESNDHLTTTKLRIREWQKFQSKLHFVLDCIQQQTKFLSEILLREGIGRNLIEEEWSQTVLVRLVNDMKFWQNEITKMMNKLDNITNEIDQQHNSKLGDFISRDSSHILDSKLNEIPTIRKQVENITRQYQTMLAKVQSQLVESRMKGLRDEFSSKFGDQCRENLKLNEEFTNEADQLEQELADFLKSFTDHFDKCSALSSRSVSPEDAQNLFEIVERDDKDLAAINSLLQDAAIDVASFVRKVNMLLDERDADKAKMQATLSKLLTELRKHEEYISVFEGISALIQKFKASCLEDIRQTRNLLDFYANFERSYHNLLKEVKRRKETAAKLSQILKSCETQLEQINTADLRERQMFLLENGNYLPETIWPDEIGSLSPLYTLNYEVRKV
2YO3A,0,MKQIEDKIEEILSKIYHIENEIARIKKLIKVTDAQVSRNTQSITNLNTQVSNLDTRVTNIENGIGDIVTTGSTKYFKTNTDGADANAQGADSVAIGSGSIAAAENSVALGTNSVADEANTVSVGSSTQQRRITNVAAGVNNTDAVNVAQLKASEAGSVRYETNADGSVNYSVLNLGDGSGGTTRIGNVSAAVNDTDAVNYAQLKRSVEEANTYTDQKMGEMNSKIKGVENKMKQIEDKIEEILSKIYHIENEIARIKKLIKLHHHHHH
4HN8A,0,MSLHQASPSSTPRIVDMQVIPVAGRDSMLLNLCGAHAPYFTRNLVLLKDNAGRTGCGEVPGGEGIRQALERCRERVIGQSVGRYNRVLNDLRQAIAGPAKGPQTTQHQVTSEAEARVLAQPHEINLRLDNVITAVEAALLDLLGQHLEVPVAELLGSGQQRQRVPMLAYLFYIGERQRADLPYLAGKGSADDWYHLRHQAALTPDAIARLAEAARARYGFADFKLKGGVMRGAEEMEAIRAIKARFPDARVTLDPNGAWSLDEAIALCKGQGHVLAYAEDPCGPENGYSGREVMAEFKRATGIPTATNMVATDWRQMGHSLRLEAVDIPLADPHFWTMQGAVRLGQVCEEFGLTWGSHSNNHFDISLAMFTHAAAAVPGRITAIDTHWIWQEGEERLTREPLRIVGGQVQVPDKPGLGIEPDMQRIMAAHELYKKVASGARDDAMAMQYLVPGWQYHPKRPSLGREGHHHHHH
4HN9A,0,SNAGNSTTSDKGTEEATTSAFDVMSQFNEIGVSYPLTVTDQAGRTVTFEKAPEKIASSYYISTSLLLALGLQDKLVGIEAKANTRNIYKLAAPAIVSLPNMGTAKEFNTEACVAATPDVVFLPMKLKKTADTLESLGIKAVVVNPEDQSLLEECITLVGKITNNAGRAEALNNSIKTFLADNKTNVSGGNTPSVYLAGNSSVLSTAGSKMYQNTLLTNAGGKNVASELTDTYWANVSYEQILAWNPDYIVIAADATYTVDDILNDANLAGCNAVKNKNVVKLPNNIEAWDSPVPGSFLGSIYIASVLHPEKVTKDFYETCVTKFYESFYGFTPAK
2YNQA,0,GASTAQPKQEAYIQSTELFLQNKYSDVITTLEDYAPEDMPYVIQYELASSYVMTESLTEEQRQTVSNNITLKTDEQYMLYWIYIGRSQSEEALELARTIEDRDLIVYALLKYREQIKGDTDLSGDEKQKKLDEIDQEIKEYERERKESEAQLEEEQQSEQQ
2YMVA,0,SMSDTRLDVATLANAVQLAARAPSLHNTQPWRLIAEDGELKLFLDPSRVVRSTDRSSREAVMSCGVLLDHLRVALAAAGWDTEVQRFPNPNDRDHLATLSFRPLQFVTEGHRKRADAILARRTDRLPMSAYVDWDAFETLLRARLGDGPVHMDTLGEDVREEVAEAAALTESLRLYDAAYHSELAWWTTPFATEDGIPQTALISAEESERVAVSRDFPVAPHSSRRPALNNDAATIVVLSTDGYSREDALDAGEGLSKVLLECTMSGLATCPVTHVTELHTSRDIIGRLIVRDACPQVLVRIGLAPALDEVPPPTPRRPVDAFLEVRPRS
2YMBA,0,MAHHHHHHMAKSGLRQDPQSTAAATVLKRAVELDSESRYPQALVCYQEGIDLLLQVLKGTKDNTKRCNLREKISKYMDRAENIKKYLDQEKEDGKYHKQIKIEENATGFSYESLFREYLNETVTEVWIEDPYIRHTHQLYNFLRFCEMLIKRPCKVKTIHLLTSLDEGIEQVQQSRGLQEIEESLRSHGVLLEVQYSSSIHDREIRFNNGWMIKIGRGLDYFKKPQSRFSLGYCDFDLRPCHETTVDIFHKKHTKNI
4HGAB,0,MARTKQTARKSTGGKAPRKQLATKAARKSAPSTGGVKKPHRYRPGTVALREIRRYQKSTELLIRKLPFQRLVREIAQDFKTDLRFQSAAIGALQEASEAYLVGLFEDTNLCAIHAKRVTIMPKDIQLARRIRGERA
4HESA,0,SNAMEKLIVGKSLEHQLDTVIKELAPAGNISYAVLQFDDEEEPTLIAARGENTVHSSASLIKVLIMEYVFHLARTEQLDINDTVPLSRTPRVEGGGALQELVGKHSFTYLELCRLMMVLSDNIATNLLITVLGMENINARAEKLGVDEMELNRMMMDFNALAEGRDNHITAMSLARLYKHIFECRDRDVYGREMWNILGRQQFRDILPFYWGEGIRFHHKTGSLDRVEHDGGVIETFRGHFCFILLMSDIDNDRGKELGAQVGRIMKEFVEEALP
3VYWA,0,MKREEYLKNYLESYLRKKEVSLTEEEFNVILREFLRFAYNPEESGQEIADTADGSKTLIHKTYGEPYHSQTAGAIRESLYKFVRPSRILEKAKERKVIRILDVGFGLGYNLAVALKHLWEVNPKLRVEIISFEKELLKEFPILPEPYREIHEFLLERVPEYEGERLSLKVLLGDARKRIKEVENFKADAVFHDAFSPYKNPELWTLDFLSLIKERIDEKGYWVSYSSSLSVRKSLLTLGFKVGSSREIGRKRKGTVASLKAPVPPMEENEVRKLVLSPFAVPMRDEKLDKEPLEILIDYLLKVYKISR
3VYSC,0,MGEKIKLEHGAGGEIMEELLRDVILKTLTLKSAGGIGLDALDDGATIPFGDKHIVFTIDGHTVKPLFFPGGDIGRLAVSGTVNDLAVMGAEPIALANSMIIGEGLDMEVLKRVLKSMDETAREVPVPIVTGDTKVVEDKIEMFVITAGIGIAEHPVSDAGAKVGDAVLVSGTIGDHGIALMSHREGIAFETELKSDVAPIWDVVKAVAETIGWENIHAMKDPTRAGLSNALNEIARKSNVGILVREADIPIRPEVRAASEMLGISPYDVANEGKVVMVVAREYAEEALEAMRKTEKGRNAAIIGEVIADYRGKVLLETGIGGKRFMEPPEGDPVPRIC
2LZEA,0,MGAPVPYPDPLEPRGGKHICAICGNNAEDYKHTDMDLTYTDRDYKNCESYHKCSDLCQYCRYQKDLAIHHQHHHGGSMGMSGSGTGY
4HD1A,0,SNAMGSVPVELRGDFEVCRRLTRSHYENFSVVSLFVPRHLRPHFYSVYAFCRGVDDLGDEFAGDRMAALDAYEEELRRAFAGEATTPAFRALQFTIATCNLPMEPFLRLIEANRRDQRKHTYDTWEDLRDYCRYSADPVGRLVLGIFGCLDDERARLSDATCTALQVANHMQDIDRDLALGRIYVPRADLEQFGATLDDIRARRATDGVRRCIALEVDRAQALFDEGRRLESLVPPRLARQLKLYRLGGEAILAAIRRQGYNPFAGRPVVSGKQKLRIALSVLAGGAKGEGGSA
4HCEA,0,KAISYEQLSLASVGSVERLEGKIVGMNPPQFASINEFKYCTLKLYFTQLLPNVPDKVLVPGVNCIEIVIPTRERICELFGVLNCQSDKISDILLLEKPDRISVEVERILWDNDKTASPGMAVWSLKNISTDTQAQAQVQVPAQSSASIDPSR
4HC6A,0,GIVGVGIDLVSIPDFAEQVDQPGTVFAETFTPGERRDASDKSSSAARHLAARWAAKEAVIKAWSGSRFAQRPVLPADIHRDIEVVTDMWGRPRVRLTGAIAEYLADVTIHVSLTHEGDTAAAVAILEAP
4HAMA,0,SNAMFTINTKSQLPIYEQIVQKIKEQVVKGVLQEGEKILSIREFASRIGVNPNTVSKAYQELERQEVIITVKGKGTFIANQTDKLSSPKKLAETRTKLKETILDLVYLGVNIEEIHKLADEYSQDIIGGDVVEG
4HAOA,0,MNNRRFDCIGIVGHPRHPAALATHEILYHWLKARGYAVMVEQQIAHDLNLTDAITGSLADIGQKADLAVVVGGDGNMLGAARVLARYDIKVIGVNRGNLGFLTDLDPDNALQQLSDVLEGEYLSEQRFLLETHVRRTNQQSRISTAINEVVLHPGKVAHMIEFEVYIDDRFAFSQRSDGLIIATPTGSTAYSLSAGGPILTPTLDAIVLVPMFPHTLTARPLVISSSSTIRLKFSHITSDLEISCDSQIALPIQEGEEVLIRRSDFHLNLIHPKDYSYFNTLSTKLGWSKKLFENLYFHHHHHH
3J27A,0,MRCIGISNRDFVEGVSGGSWVDIVLEHGSCVTTMAKNKPTLDFELIETEAKQPATLRKYCIEAKLTNTTTDSRCPTQGEPSLNEEQDKRFVCKHSMVDRGWGNGCGLFGKGGIVTCAMFTCKKNMKGKVVQPENLEYTIVITPHSGEEHAVGNDTGKHGKEIKITPQSSITEAELTGYGTVTMECSPRTGLDFNEMVLLQMENKAWLVHRQWFLDLPLPWLPGADTQGSNWIQKETLVTFKNPHAKKQDVVVLGSQEGAMHTALTGATEIQMSSGNLLFTGHLKCRLRMDKLQLKGMSYSMCTGKFKVVKEIAETQHGTIVIRVQYEGDGSPCKIPFEIMDLEKRHVLGRLITVNPIVTEKDSPVNIEAEPPFGDSYIIIGVEPGQLKLNWFKKGSSIGQMIETTMRGAKRMAILGDTAWDFGSLGGVFTSIGKALHQVFGAIYGAAFSGVSWIMKILIGVIITWIGMNSRSTSLSVSLVLVGVVTLYLGVMVQA
4BBKA,0,MAHHHHHHSSGLEVLFQGPEDITDIPKLADYLKLFRPKKLMLKACKQYWFVFKDTSIAYFKNKELEQGEPIEKLNLRGCEIVPDVNVSGRKFGIKLLIPVADGMNEVYLRCDHEDQYARWMAACILASKGKTMADSSYQPEVISILSFLKMKNRNSSPLVASSLE
4H63F,0,GSHMASGAPPSVDLTSIQWRMPEWVQSMGGLRTENVLEYFSQSPFYSHKSNNEMLKMQSQFNALDLGDLNSQLKRLTGIQFVIIHERPPFLWVIQKQNRLNENEVKPLTVYFVCNENIYMAPNAYTLLATRMLNATYCFQKALTKIEKFPQYNPQEGYTYPKLSNDNLEVDHSNTNEPADENK
2LYVA,0,GGSKSESPKEPEQLRKLFIGGLSFETTDESLRSHFEQWGTLTDCVVMRDPNTKRSRGFGFVTYATVEEVDAAMNARPHKVDGRVVEPKRAVSREDSQRPGAHLTVKKIFVGGIKEDTEEHHLRDYFEQYGKIEVIEIMTDRGSGKKRGFAFVTFDDHDSVDKIVIQKYHTVNGHNCEVRKALSKQEMASASSSQRGR
4H5XA,0,SNAGEVVDCHLSDMLQQLHSVNASKPSERGLVRQEEAEDPACIPIFWVSKWVDYSDKYGLGYQLCDNSVGVLFNDSTRLILYNDGDSLQYIERDGTESYLTVSSHPNSLMKKITLLKYFRNYMSEHLLKAGANITPREGDELARLPYLRTWFRTRSAIILHLSNGSVQINFFQDHTKLILCPLMAAVTYIDEKRDFRTYRLSLLEEYGCCKELASRLRYARTMVDKLLSSRSASNRLKAS
4H3HB,0,MGSSHHHHHHSSGLVPRGSHMPSSPLRVAVVSSSNQNRSMEAHNILSKRGFSVRSFGTGTHVKLPGPAPDKPNVYDFKTTYDQMYNDLLRKDKELYTQNGILHMLDRNKRIKPRPERFQNCKDLFDLILTCEERVYDQVVEDLNSREQETCQPVHVVNVDIQDNHEEATLGAFLICELCQCIQHTEDMENEIDELLQEFEEKSGRTFLHTVCFY
2LY4B,0,MEEPQSDPSVEPPLSQETFSDLWKLLPENNVLSPLPSQAMDDLMLSPDDIEQWFTEDPGPDEAPRMPEAAPPVAPAPAAPTPAAPAPAPSWPL
4B9KC,0,SMSENLYFQGSMEAGRPRPVLRSVNSREPSQVIFCNRSPRVVLPVWLNFDGEPQPYPTLPPGTGRRIHSYRGHLWLFRDAGTHDGLLVNQTELFVPSLNVDGQPIFANITLPVYTLKERCLQVVRSLVKPENYRRLDIVRSLYEDLEDHPNVQKDLERLTQERIAHQRMGD
4B9JA,0,RTEPVSTTISKSFFAPEPQIQPSFGKNVGKEGGLLFSVSLTVPENVSQVTVYPVYDEDYGLGRLVNTADDSQSIIYQIVDDKGRKMLKDHGAEVTPNQQITFRALNYTSGDKEIPPGIYNDQVMVGYYVNDNKQRTEIATKNFPVSTTIS
4GWGA,0,SNAQADIALIGLAVMGQNLILNMNDHGFVVCAFNRTVSKVDDFLANEAKGTKVVGAQSLKEMVSKLKKPRRIILLVKAGQAVDDFIEKLVPLLDTGDIIIDGGNSEYRDTTRRCRDLKAKGILFVGSGVSGGEEGARYGPSLMPGGNKEAWPHIKTIFQGIAAKVGTGEPCCDWVGDEGAGHFVKMVHNGIEYGDMQLICEAYHLMKDVLGMAQDEMAQAFEDWNKTELDSFLIEITANILKFQDTDGKHLLPKIRDSAGQKGTGKWTAISALEYGVPVTLIGEAVFARCLSSLKDERIQASKKLKGPQKFQFDGDKKSFLEDIRKALYASKIISYAQGFMLLRQAATEFGWTLNYGGIALMWRGGCIIRSVFLGKIKDAFDRNPELQNLLLDDFFKSAVENCQDSWRRAVSTGVQAGIPMPCFTTALSFYDGYRHEMLPASLIQAQRDYFGAHTYELLAKPGQFIHTNWTGHGGTVSSSSYNA
4GWPF,0,MGKSAVIFVERATPATLTELKDALSNSILSVRDPWSIDFRTYRCSIKNLPADVSKLMYSITFHHHGRQTVLIKDNSAMVTTAAAADIPPALVFNGSSTGVPESIDTILSSKLSNIWMQRQLIKGDAGETLILDGLTVRLVNLFSSTGFKGLLIELQADEAGEFETKIAGIEGHLAEIRAKEYKTSSDSLGPDTSNEICDLAYQYVRALEL
4GWPG,0,MNVTPLDELQWKSPEWIQVFGLRTENVLDYFAESPFFDKTSNNQVIKMQRQFSQLNDPNAAVNMTQNIMTLPDGKNGNLEEEFAYVDPARRQILFKYPMYMQLEEELMKLDGTEYVLSSVREPDFWVIRKQRRTNNSGVGSAKGPEIIPLQDYYIIGANIYQSPTIFKIVQSRLMSTSYHLNSTLESLYDLIEFQPSQGVHYKVPTDTSTTATAATNGNNAGGGSNKSSVRPTGGANMATVPSTTNVNMTVNTMGTGGQTIDNGTGRTGNGNMGITTEMLDKLMVTSIRSTPNYI
4GVWA,0,MEVLFEAKVGDITLKLAQGDITQYPAKAIVNAANKRLEHGGGVAYAIAKACAGDAGLYTEISKKAMREQFGRDYIDHGEVVVTPAMNLEERGIKYVFHTVGPICSGMWSEELKEKLYKAFLGPLEKAEEMGVESIAFPAVSAGIYGCDAEKVVETSLEAVKNFKGSAVKEVAEVHGARKSAEVALKVFERSLEHHHHHH
2LXUA,0,SHMGGEGFVVKVRGLPWSCSADEVQRFFSDCKIQNGAQGIRFIYTREGRPSGEAFVELESEDEVKLALKKDRETMGHRYVEVFKSNNVEMDWVLKHTGPNSPDTANDG
4GOSA,0,GISGRHSITVTTVASAGNIGEDGILSCTFEPDIKLSDIVIQWLKEGVLGLVHEFKEGKDELSEQDEMFRGRTAVFADQVIVGNASLRLKNVQLTDAGTYKCYIITSKGKGNANLEYKTGHHHHHH
4GNVA,0,MAHHHHHHMKTTPGPVMLDVVGTTLSRDDARRLAHPNTGGVILFARHFQNRAQLTALTDSIRAVREDILIAVDHEGGRVQRFRTDGFTVLPAMRRLGELWDRDVLLATKVATAVGYILAAELRACGIDMSFTPVLDLDYGHSKVIGDRAFHRDPRVVTLLAKSLNHGLSLAGMANCGKHFPGHGFAEADSHVALPTDDRTLDAILEQDVAPYDWLGLSLAAVIPAHVIYTQVDKRPAGFSRVWLQDILRGKLGFTGAIFSDDLSMEAAREGGTLTQAADAALAAGCDMVLVCNQPDAAEVVLNGLKARASAESVRRIKRMRARGKALKWDKLIAQPEYLQAQALLSSALA
3J21k,0,MAHVAEWKKKEVEELANLIKSYPVVALVDVSSMPAYPLSQMRRLIRENNGLLRVSRNTLIELAIKKVAQELGKPELEKLINYIEGGAGILVTTMNPFKLYKFLQQNRQPAPAKPGAKVPKDVVIPAGPTSLAPGPIVGQMQAMGIPARIERGKVTIQKDTVVLKAGEEITPELANILNALGIQPLEVGLDLLAVYEDGIIYTPDVLAIDESEYINMLQKAYMHAFNLAVNIAYPTPQTIEAIIQKAFLNAKAVAVEAGYITKETISDIIGRAIRAMLLLAQQLPEDVLDEKTKELLSAQAQVSVAQVEEEKKEEKVEEEKEDEEASEEEALAGLSALFG
3J21l,0,MKVKVFRVHGYFEKNGRKFKFTKEYRGIKEEDVKELVYSDIGSKHKVKRNKIFIKEIKEIRPEEAEDIVVRRLSLEL
3J21P,0,MKRTGPTDPNLRRLIRYLRKKSNEYGVKIWKDVAWRLERPRRQRAEVNVSKINRYANDGEMIVVPGSVLGAGKLEKKVIVAAWKFSETARRKIIEAGGEAITIEELIERNPTGSGVRIME
3J21R,0,MVQKAHSFRRKTRKKLSKHPRRRGLPPLTRFLQEFEVGQRVHIVIEPSYHKGMPDPRFHGRTGTVVGKRGEAYIVEIKDGSKVKTLFIHPVHLRPQK
3J20A,0,MAAKRATTTRDKWKLKQWYIIYAPDFFGGVEVGLTPADDPEKVLNRVVEVTLKDVTGDFTKSHVKLYFQVYDVKGQNAYTKFKGMKLARSYIRSLVRRKTTRIDGIFNITTKDGYKLRVMAMAIAMRRIQTSQERAIRKIMQEIIYKKAEELNFKDFVLESVNGKIAAEIAKEAKKIYPLRKAEIRKIKVLEEPQVIA
3J21a,0,MAIKAGEEVIFTVPIKKIKKIVPRWKRAPRAVKFVREFVARHAKAQEVIIDPKVNEKIWERGIEKPPSKLRVKVKVEEEKREGEETVRIAYVTLA
4GIJA,0,MGSDKIHHHHHHSSGENLYFQGHMSELKISPELLQISPEVQDALKNKKPVVALESTIISHGMPFPQNAQTAIEVEETIRKQGAVPATIAIIGGVMKVGLSKEEIELLGREGHNVTKVSRRDLPFVVAAGKNGATTVASTMIIAALAGIKVFATGGIGGVHRGAEHTFDISADLQELANTNVTVVCAGAKSILDLGLTTEYLETFGVPLIGYQTKALPAFFCRTSPFDVSIRLDSASEIARAMVVKWQSGLNGGLVVANPIPEQFAMPEHTINAAIDQAVAEAEAQGVIGKESTPFLLARVAELTGGDSLKSNIQLVFNNAILASEIAKEYQRLAG
4GICA,0,SMTEVKIKRLYTGDADFASQLDRLLAWSESEDTDIHQRVTEIIGCIRRDGDAALVELTARFDHFVVDTAAALELPRDVLEAAWQALPAEQAKALREAAERIRAYAERQKLDSWDYREADGTLLGQKITPLDRVGLYVPGGKAAYPSSVLMNAVPAKVAGVPELIMAVPAPRGELNALVLAAAYISGVDRVFRIGGAQAVAALAYGTETVPRVDKIVGPGNIYVATAKKLVFGQVGIDMVAGPSEILVISDGRTDPDWIAMDLFSQAEHDEDAQAILISPDAAHLEAVQASIERLLPGMERAEVIRTSLERRGGMILVDDLEQAAAVANRIAPEHLELSVESPEVLVESIRNAGAIFMGRYTAEALGDYCAGPNHVLPTSGTARFSSPLGVYDFQKRSSLIYCSPDGADQLGRTASLLAWGEGL
4GIQA,0,GPLGSPEFPGRRKPEAQPFAHLTINAASIPSGSHKVTLSSWYHDRGWAKISNMTLSNGKLRVNQDGFYYLYANICFRHHETSGSVPTDYLQLMVYVVKTSIKIPSSHNLMKGGSTKNWSGNSEFHFYSINVGGFFKLRAGEEISIQVSNPSLLDPDQDATYFGAFKVQDID
4B6AM,0,MSTDSIVKASNWRLVEVGRVVLIKKGQSAGKLAAIVEIIDQKKVLIDGPKAGVPRQAINLGQVVLTPLTFALPRGARTATVSKKWAAAAVCEKWAASSWAKKIAQRERRAALTDFERFQVMVLRKQKRYTVKKALAKA
4GGDA,0,GAPSKPGGDRYIPHRSAAQMEVASFLLSKENQPENSQTPTKKEHQKAWALNLNGFDVEEAKILRLSGKPQNAPEGYQNRLKVLYSQKATPGSSRKTCRYIPSLPDRILDAPEIRNDYYLNLVDWSSGNVLAVALDNSVYLWSASSGDILQLLQMEQPGEYISSVAWIKEGNYLAVGTSSAEVQLWDVQQQKRLRNMTSHSARVGSLSWNSYILSSGSRSGHIHHHDVRVAEHHVATLSGHSQEVCGLRWAPDGRHLASGGNDNLVNVWPSAPGEGGWVPLQTFTQHQGAVKAVAWCPWQSNVLATGGGTSDRHIRIWNVCSGACLSAVDAHSQVCSILWSPHYKELISGHGFAQNQLVIWKYPTMAKVAELKGHTSRVLSLTMSPDGATVASAAADETLRLWRCFELDPARRREREKASAAKSSLIHQGIR
4GF2A,0,QYTFIQKRTHLFACGIKRKSIKWICRENSEKITVCVPDRKIQLCIANFLNSRLETMEKFKEIFLISVNTEAKLLYNKNEGKDPSIFCNELRNSFSDFRNSFIGDDMDFGGNTDRVKGYINKKFSDYYKEKNVEKLNNIKKEWWEKNKANLWNHMIVNHKGNIAKECAIIPAEEPQINLWIKEWNENFLMEKKRLFLNIKDKCVENKKYEACFGGCRLPCSSYTSFMKKSKTQMEVLTNLYKKKNSGVDKNNFLNDLFKKNNKNDLDDFFKNEKEYDDLCDCRYTATIIKSFLNGPAKNDVDIASQINVNDLRGFGCNYKSNNEKSWNCAGTFTNKFPGTCEPPRRQTLCLGRTYLLHRGHEEDYKEHLLGASIYEAQLLKYKYKEKDENALCSIIQNSYADLADIIKGSDIIKDYYGKKMEENLNKVNKDKKRNEESLKIFREKWWDENKENVWKVMSAVLKNKETCKDYDKFQKIPQFLRWFKEWGDDFCEKRKEKIYSFESFKVECKKKDCDENTCKNKCSEYKKWIDLKKSEYEKQVDKYTKDKNKKMYDNIDEVKNKEANVYLKEKSKECKDVNFDDKIFNEAPNEYEDMCKKCDEIKYLNEIKYPKTKHD
4B4TI,0,MGQGVSSGQDKKKKKGSNQKPKYEPPVQSKFGRKKRKGGPATAEKLPNIYPSTRCKLKLLRMERIKDHLLLEEEFVSNSEILKPFEKKQEEEKKQLEEIRGNPLSIGTLEEIIDDDHAIVTSPTMPDYYVSILSFVDKELLEPGCSVLLHHKTMSIVGVLQDDADPMVSVMKMDKSPTESYSDIGGLESQIQEIKESVELPLTHPELYEEMGIKPPKGVILYGAPGTGKTLLAKAVANQTSATFLRIVGSELIQKYLGDGPRLCRQIFKVAGENAPSIVFIDEIDAIGTKRYDSNSGGEREIQRTMLELLNQLDGFDDRGDVKVIMATNKIETLDPALIRPGRIDRKILFENPDLSTKKKILGIHTSKMNLSEDVNLETLVTTKDDLSGADIQAMCTEAGLLALRERRMQVTAEDFKQAKERVMKNKVEENLEGLYL
4B4TO,0,MFNNHEIDTILSTLRMEADPSLHPLFEQFEKFYEEKLWFQLSESLTKFFDDAKSTPLRLRLYDNFVSKFYDKINQLSVVKYLLASLKDSKDFDESLKYLDDLKAQFQELDSKKQRNNGSKDHGDGILLIDSEIARTYLLKNDLVKARDLLDDLEKTLDKKDSIPLRITNSFYSTNSQYFKFKNDFNSFYYTSLLYLSTLEPSTSITLAERQQLAYDLSISALLGDKIYNFGELLHHPIMETIVNDSNYDWLFQLLNALTVGDFDKFDSLIKVQISKIPILAQHESFLRQKICLMTLIETVFVKNIRMLSFEDISKATHLPKDNVEHLVMRAISLGLLKGSIDQVNELVTISWVQPRIISGDQITKMKDRLVEWNDQVEKLGKKMEARGQSIWV
4GCWA,0,MELLFLGTGAGIPAKARNVTSVALKLLEERRSVWLFDCGEATQHQMLHTTIKPRKIEKIFITHMHGDHVYGLPGLLGSRSFQGGEDELTVYGPKGIKAFIETSLAVTKTHLTYPLAIQEIEEGIVFEDDQFIVTAVSVIHGVEAFGYRVQEKDVPGSLKADVLKEMNIPPGPVYQKIKKGETVTLEDGRIINGNDFLEPPKKGRSVVFSGDTRVSDKLKELARDCDVMVHEATFAKEDRKLAYDYYHSTTEQAAVTAKEARAKQLILTHISARYQGDASLELQKEAVDVFPNSVAAYDFLEVNVPRGKLAAALEHHHHHH
4GAKA,0,SNAMAFIQTDTFTLRGYECDAFGRMSIPALMNLMQESANRNAIDYGIGIADLAQKGVGWMLMRFCLRIHQYPRYGDTIQLMTYPTTVDKYFIHRDFRVLATDGTLLADARSTWLVFSMEKRSMVPLPDFIRQLSPPANVDPLPALPLKPDFQTASFATAASKSVQVGWLNIDQNQHVNNVAYVQWLLEGVDSEIVQTREIAEIDLVYRTESHWHDWLSVQSVTETDNSVLHRISQTESGKDVLLARSRWR
4G9JA,0,GMSDSEKLNLDSIIGRLLEVQGSRPGKNVQLTENEIRGLCLKSREIFLSQPILLELEAPLKICGDIHGQYYDLLRLFEYGGFPPESNYLFLGDYVDRGKQSLETICLLLAYKIKYPENFFLLRGNHECASINRIYGFYDECKRRYNIKLWKTFTDCFNCLPIAAIVDEKIFCCHGGLSPDLQSMEQIRRIMRPTDVPDQGLLCDLLWSDPDKDVQGWGENDRGVSFTFGAEVVAKFLHKHDLDLICRAHQVVEDGYEFFAKRQLVTLFSAPNYCGEFDNAGAMMSVDETLMCSFQILKPADKNKGKYGQFSGLNPGGRPITPPRNSAKAKK
4G9QA,0,MHHHHHHSSGVDLGTENLYFQSMMTTSNAGAQQPNVEGRRFSPDQVRSVAPALEQYTQQRLYGDVWQRPGLNRRDRSLVTIAALIARGEAPALTYYADQALENGVKPSEISETITHLAYYSGWGKAMATVGPVSEAFAKRGIGQDQLAAVESTPLPLDEEAEAQRATTVGNQFGSVAPGLVQYTTDYLFRDLWLRPDLAPRDRSLVTIAALISVGQVEQITFHLNKALDNGLSEEQAAEVITHLAFYAGWPNAMSALPVAKAVFEKRRG
4G7HC,0,MEIKRFGRIREVIPLPPLTEIQVESYRRALQADVPPEKRENVGIQAAFRETFPIEEEDKGKGGLVLDFLEYRLGEPPFPQDECREKDLTYQAPLYARLQLIHKDTGLIKEDEVFLGHIPLMTEDGSFIINGADRVIVSQIHRSPGVYFTPDPARPGRYIASIIPLPKRGPWIDLEVEPNGVVSMKVNKRKFPLVLLLRVLGYDQETLARELGAYGELVQGLMDESVFAMRPEEALIRLFTLLRPGDPPKRDKAVAYVYGLIADPRRYDLGEAGRYKAEEKLGIRLSGRTLARFEDGEFKDEVFLPTLRYLFALTAGVPGHEVDDIDHLGNRRIRTVGELMTDQFRVGLARLARGVRERMLMGSEDSLTPAKLVNSRPLEAAIREFFSRSQLSQFKDETNPLSSLRHKRRISALGPGGLTRERAGFDVRDVHRTHYGRICPVETPEGANIGLITSLAAYARVDELGFIRTPYRRVVGGVVTDEVVYMTATEEDRYTIAQANTPLEGNRIAAERVVARRKGEPVIVSPEEVEFMDVSPKQVFSVNTNLIPFLEHDDANRALMGSNMQTQAVPLIRAQAPVVMTGLEERVVRDSLAALYAEEDGEVAKVDGNRIVVRYEDGRLVEYPLRRFYRSNQGTALDQRPRVVVGQRVRKGDLLADGPASENGFLALGQNVLVAIMPFDGYNFEDAIVISEELLKRDFYTSIHIERYEIEARDTKLGPERITRDIPHLSEAALRDLDEEGVVRIGAEVKPGDILVGRTSFKGESEPTPEERLLRSIFGEKARDVKDTSLRVPPGEGGIVVRTVRLRRGDPGVELKPGVREVVRVYVAQKRKLQVGDKLANRHGNKGVVAKILPVEDMPHLPDGTPVDVILNPLGVPSRMNLGQILETHLGLAGYFLGQRYISPIFDGAKEPEIKELLAQAFEVYFGKRKGEGFGVDKREVEVLRRAEKLGLVTPGKTPEEQLKELFLQGKVVLYDGRTGEPIEGPIVVGQMFIMKLYHMVEDKMHARSTGPYSLITQQPLGGKAQFGGQRFGEMEVWALEAYGAAHTLQEMLTLKSDDIEGRNAAYEAIIKGEDVPEPSVPESFRVLVKELQALALDVQTLDEKDNPVDIFEGLASKR
4G7LA,0,MERPQLDSMSQDLSEALKEATKEVHIRAENSEFMRNFQKGQVSREGFKLVMASLYHIYTALEEEIERNKQNPVYAPLYFPEELHRRAALEQDMAFWYGPHWQEAIPYTPATQHYVKRLHEVGGTHPELLVAHAYTRYLGDLSGGQVLKKIAQKAMALPSSGEGLAFFTFPSIDNPTKFKQLYRARMNTLEMTPEVKHRVTEEAKTAFLLNIELFEELQALLTEEHKDQSPSQTEFLRQRPASLVQDTTSAETPRGKSQISTSSSQTP
4G7XB,0,MGSSHHHHHHSSGLVPRGSHMPNDIFGSLSEESQQNNAARQQFVTSEVGRYGAIYTQLIRQNLLVEDSFRGKQCRVNLKLIPTGTGALLGSLTVLDGDSRLCAATKRAVAQVNSFPLPKDQPDVVEKLKNINLTVAPE
4G6XA,0,MHHHHHHSSGVDLGTENLYFQSNAMRIHLTNVFVDDQAKAESFYTGKLGFLVKADVPVGADRWLTVVSPEAPDGTQLLLEPSSHAAVTPFKEALVADGIPAASFAVDDIAAEYERLSALGVRFTQEPTDMGPVVTAILDDTCGNLIQLMQIAYDG
4B2XA,0,HHHHHHGSMAMKRKGIILAGGSGTRLHPATLAISKQLLPVYDKPMIYYPLSTLMLAGIREILIISTPQDTPRFQQLLGDGSNWGLDLQYAVQPSPDGLAQAFLIGESFIGNDLSALVLGDNLYYGHDFHELLGSASQRQTGASVFAYHVLDPERYGVVEFDQGGKAISLEEKPLEPKSNYAVTGLYFYDQQVVDIARDLKPSPRGELEITDVNRAYLERGQLSVEIMGRGYAWLDTGTHDSLLEAGQFIATLENRQGLKVACPEEIAYRQKWIDAAQLEKLAAPLAKNGYGQYLKRLLTETVY
4G56B,0,MHHHHHHSSGVDLGTENLYFQSNGSSKGSAWGRPVTAPACMEVQIGAVRYRRDGALLLAASSLSSRTWGGSIWVFKDPEGAPNESLCTAGVQTEAGVTDVAWVSEKGILVASDSGAVELWEILEKESLLVNKFAKYEHDDIVKTLSVFSDGTQAVSGGKDFSVKVWDLSQKAVLKSYNAHSSEVNCVAACPGKDTIFLSCGEDGRILLWDTRKPKPATRIDFCASDTIPTSVTWHPEKDDTFACGDETGNVSLVNIKNPDSAQTSAVHSQNITGLAYSYHSSPFLASISEDCTVAVLDADFSEVFRDLSHRDFVTGVAWSPLDHSKFTTVGWDHKVLHHHLPSEGRTENLIATKAED
4G59A,0,MLDDAHSLRCNLTIKAPTPADPLWYEAKCLVDEILILHLSNINKTMTSGDPGETANATEVGECLTQPVNDLCQKLRDKVSNTKVDTHKTNGYPHLQVTMIYPQSQGQTPSATWEFNISDSYFFTFYTENMSWRSANDESGVIMNKWNDDGDLVQRLKYFIPECRQKIDEFLKQSKEKPRSTSRSPSITQLTSTSPLPPPSHSTSK
4G4SP,0,GPMSCLVLPLVSVGNIPQLSIDWLLNSQANEWEYLEALDSKYLVEFVGPLDRPEDGSDSLYKDADMKYSSALEVFYNKKRGLFAIQQRTPLVSVNYLNNFIVEIILPFLSKYNISEICIWDSLYAMEDENGVIVRPQEVYSLGEFYFDDEAELLSNLHLNDQESMVNNWLHFTPTSFQDKISVDQPIFKILFQILNASQRPKALRSIKYCSCLANEGDNSLDSQQFLQWIISQKVIKNAPPIVKFVRPISWQGAYGMADARDKFVDLYN
4B29A,0,MGSSHHHHHHSSGLVPRGSHMASGRAALTHLLEAARDWHEALPEFRAFATWPEDLRWADRPAHALPVIDHLTRDPGHASDQSQPLRDALVAAAPHVEWRHSYTEAEVGRDFLNRFGWFELAGPSGHFLTQSLRVTVGYWGPGLDYGWHEHLPEELYSVVSGRALFHLRNAPDLMLEPGQTRFHPANAPHAMTTLTDPILTLVLWRGAGLGDDPRMSQ
4G1EB,0,GPNICTTRGVSSCQQCLAVSPMCAWCSDEALPLGSPRCDLKENLLKDNCAPESIEFPVSEARVLEDRPLSDKGSGDSSQVTQVSPQRIALRLRPDDSKNFSIQVRQVEDYPVDIYYLMDLSYSMKDDLWSIQNLGTKLATQMRKLTSNLRIGFGAFVDKPVSPYMYISPPEALENPCYDMKTTCLPMFGYKHVLTLTDQVTRFNEEVKKQSVSRNRDAPEGGFDAIMQATVCDEKIGWRNDASHLLVFTTDAKTHIALDGRLAGIVQPNDGQCHVGSDNHYSASTTMDYPSLGLMTEKLSQKNINLIFAVTENVVNLYQNYSELIPGTTVGVLSMDSSNVLQLIVDAYGKIRSKVELEVRDLPEELSLSFNATCLNNEVIPGLKSCMGLKIGDTVSFSIEAKVRGCPQEKEKSFTIKPVGFKDSLIVQVTFDCDCACQAQAEPNSHRCNNGNGTFECGVCRCGPGWLGSQCECSEEDYRPSQQDECSPREGQPVCSQRGECLCGQCVCHSSDFGKITGKYCECDDFSCVRYKGEMCSGHGQCSCGDCLCDSDWTGYYCNCTTRTDTCMSSNGLLCSGRGKCECGSCVCIQPGSYGDTCEKCPTCPDACTFKKECVECKKFDRGALHDENTCNRYCRDEIESVKELKDTGKDAVNCTYKNEDDCVVRFQYYEDSSGKSILYVVEEPECPKGPESMENLYFQSGGKNAQCKKKLQALKKKNAQLKWKLQALCTGHHHHHH
4FZQA,0,SEFTTKERKVEEALPIKEEIRYDASLPLGKSYLLQEGKAGKKVSVYQDVIVDGKVMATNLLSETVVEGQNRILVKGSLE
2LVFA,0,EAEAQEECREQMQRQQMLSHCRMYMRQQMEESTYQTMPRRGMEPHMSECCEQLEGMDESCRCEGLRMMMRMMQQKEMQPRGEQMRRMMRLAENIPSRCNLSPMRCPMGGSIAGF
4FY11,0,MNRNGATPTRGRGKRAIPNPPRRRARGKSVERGSTPLQYVTTLGPSRPRMGQGQGWQKLSHEEIILQVNSSTAADTIQTIPIIPRLSVPAGDKPIYSGSAPHLRTIGSAFAIHRWRALSFEWIPSCPTTTPGNLVLRFYPNYSTETPKTLTDLMDSESLVLVPSLSGKTYRPKIETRGNPPELRNIDATAFSALSDEDKGDYSVGRLVVGSSKQAVVIQLGLLRMRYSAEMRGATSISGVSA
4B0EA,0,AYTFDSTMLDTNSGESIDVSLFNQGLQLPGNYFVNVFVNGRKVDSGNIDFRLEKHNGKELLWPCLSSLQLTKYGIDIDKYPDLIKSGTEQCVDLLAIPHSDVQFYFNQQKLSLIVPPQALLPRFDGIMPMQLWDDG
2LV9A,0,MHHHHHHSSGRENLYFQGSEDGSYGTDVTRCICGFTHDDGYMICCDKCSVWQHIDCMGIDRQHIPDTYLCERCQPRNLDKERAVLLQRRKRENMSDGD
2LV4A,0,GPLGSGSKIKLEIYNETDMASASGYTPVPSVSEFQYIETETISNTPSPDLTVMSIDKSVLSPGESATITTIVKDIDGNPVNEVHINKTVARENLKGLWDYGPLKKENVPGKYTQVITYRGHSNERIDISFKYAMSFTKEISIRGRL
4FQDA,0,MQDRWREPAPPGEPLLEIHGGNRLSGAVRTSGFKHSLVTTVAAAATASAPVRIENCPDIVETAVLGEIFRAAGAHAHYDGADETFTVDASAWDRAELPADLVGRIHGSLYLLPALVSRNGVARLSASGGCPIGEGPRGRPDEHLLDVMGRFGVTTRLTADGSVDLTAQRLTPCTIDMLDYTRNKALMSGPCYSGAVKTALLMGAVTHGTTTLQHPYLKPDVTDMVTVLRDLGADIEFAGPETWVIHGRGPESLHRPVDVTLIPDLIEVVTWICAGVLLADEPLRITGPGIDRAVHALAPEFDLLDRMGVRVDVGADEVTAHPLTKPLRPVEFTAMSRGVFSDSQPFLALLGAYAEGPTYIREAVWEHRFGFAPELEALGIRTAVDDTVLRVDGPCPPHRPGTDLRATDLRAAAVLLLAALAVPGRTTLRNHHHLARGYRDLVEDLVKLGADIRHTTAPDVRPKPPAGAGVDPAHHHHHH
4AZ1A,0,MNDSNCFPFTKLSVQAQYERVQREFSLLLRQEDPRSISFATSLKNRHKNRYLDILANEATLYPQVTDAPGASTPYYINGNLIDLDLPHKFVACQAPVVQGIPDFLAMLYEKKISLVIMVTKLEEGGFVKADRYWPEERGSGSIAVSGNCGLTISEDPGKAYEVEDELKITRRYLILQRADEPPHKFTQVQYTGWPDHGIPQSATSLEALLTNVKNSPTTVPVVVHCSAGIGRTGTLIGAYAALTHLERGTLTDTTVYDVVSAMRRQRFGMVQRMEQYFVIYLTLMCRLGVDIKALVGLLNSR
4AYFB,0,ADLTASTTATATLVEPARITLTYKEGAPITIMDNGNIDTELLVGTLTLGGYKTGTTSTSVNFTDAAGDPMYLTFTSQDGNNHQFTTKVIGKDSRDFDISPKVNGENLVGDDVVLATGSQDFFVRSIGSKGGKLAAGKYTDAVTVTVSNQ
4AY9B,0,NSCELTNITIAIEKEECRFCISINTTWCAGYCYTRDLVYKDPARPKIQKTCTFKELVYETVRVPGCAHHADSLYTYPVATQCHCGKCDSDSTDCTVRGLGPSYCSFGEMKE
4FNHA,0,AHMFMAENRLQLQKGSAEETIERFYNRQGIETIEGFQQMFVTKTLNTEDTDEVKILTIWESEDSFNNYLNSDVFKEAHKNVRLKSDDDGQQSPILSNKVFKYDIGYHYQK
4FMWA,0,GPNSDGHDRKRVRRDVVHSTLRLIIDCSFDHLMVLKDIKKLHKQIQRCYAENRRALHPVQFYLTSHGGQLKKNMDENDKGWVNWKDIHIKPEHYSELIKKEDLIYLTSDSPNILKELDESKAYVIGGLVDHNHHKGLTYKQASDYGINHAQLPLGNFVKMNSRKVLAVNHVFEIILEYLETRDWQEAFFTILPQRKG
4FMZA,0,GAATLATLPAPINQIFPDADLAEGIRAVLQKASVTDVVTQEELESITKLVVAGEKVASIQGIEYLTNLEYLNLNGNQITDISPLSNLVKLTNLYIGTNKITDISALQNLTNLRELYLNEDNISDISPLANLTKMYSLNLGANHNLSDLSPLSNMTGLNYLTVTESKVKDVTPIANLTDLYSLSLNYNQIEDISPLASLTSLHYFTAYVNQITDITPVANMTRLNSLKIGNNKITDLSPLANLSQLTWLEIGTNQISDINAVKDLTKLKMLNVGSNQISDISVLNNLSQLNSLFLNNNQLGNEDMEVIGGLTNLTTLFLSQNHITDIRPLASLSKMDSADFANQVIKK
4FM4B,0,MDGMHDLGGKQGFGPVIKTHNAKAFHEEWEVKMNAISGALVSKGIYNMDEYRHGIERMEPRHYLTASYFERVFTTAVTLCIEKGVFTAAELEAKLGTSVPLSLPSSPGRQPAKGPEGGFKLGQRVHVKNEFVPGHTRFPAYIRGKAGVVVGISPAYPYPDAAAHGEYGFSEPTYDVCFKSKDLWPDGCEAADVHVGVFQSYLLSAE
4FLTA,0,MGSSHHHHHHSSGLVPAGSHAGMIIDADYITEDGKPIIRIFKKEKGEFKVEYDRTFRPYIYALLKDDSAIDEVKKITAERHGKIVRITEVEKVQKKFLGRPIEVWKLYLEHPQDVPAIREKIREHPAVVDIFEYDIPFAKRYLIDKGLTPMEGNEELTFLAVDIETLYHEGEEFGKGPIIMISYADEEGAKVITWKSIDLPYVEVVSSEREMIKRLVKVIREKDPDVIITYNGDNFAFPYLLKRAEKLGIKLPLGRDNSEPKMQRMGDSLAVEIKGRIHFDLFPVIRRTINLPTYTLEAVYEAIFGKSKEKVYAHEIAEAWETGKGLERVAKYSMEDAKVTFELGKEFFPMEAQLARLVGQPVWDVSRSSTGNLVEWFLLRKAYERNELAPNKPDEREYERRLRESYEGGYVKEPEKGLWEGIVSLDFRSLYPSIIITHNVSPDTLNRENCKEYDVAPQVGHRFCKDFPGFIPSLLGNLLEERQKIKKRMKESKDPVEKKLLDYRQRAIKILANSYYGYYGYAKARWYCKECAESVTAWGRQYIDLVRRELESRGFKVLYIDTDGLYATIPGAKHEEIKEKALKFVEYINSKLPGLLELEYEGFYARGFFVTKKKYALIDEEGKIVTRGLEIVRRDWSEIAKETQAKVLEAILKHGNVDEAVKIVKEVTEKLSKYEIPPEKLVIYEQITRPLSEYKAIGPHVAVAKRLAAKGVKVKPGMVIGYIVLRGDGPISKRAIAIEEFDPKKHKYDAEYYIENQVLPAVERILRAFGYRKEDLKYQKTKQVGLGAWLKF
4FM4A,0,MEMTDNAVMEQRVDALFVLTKELGLVTDQTVPDYEDALMHDWLPQNGAKLVAKAWTDPVFKAQLLSEGVAASESLGFSFPKHHKHFVVLENTPELHNVICCSLCSCTAFTIIGMAPDWYKELEYRARIVRQARTVLKEIGLDLPESIDIRVWDTTADTRYMVLPLRPQGTEDWSEAQLATLITQDCLIGVSRLEAPFAALPAPAVALGA
4FL4C,0,MPTITPNKLTLKIGRAEGRPGDTVEIPVNLYGVPQKGIASGDFVVSYDPNVLEIIEIEPGELIVDPNPTKSFDTAVYPDRKMIVFLFAEDSGTGAYAITEDGVFATIVAKVKEGAPEGFSAIEISEFGAFADNDLVEVETDLINGGVLVTNKPVIEGYKVSGYILPDFSFDATVAPLVKAGFKVEIVGTELYAVTDANGYFEITGVPANASGYTLKISRATYLDRVIANVVVTGDTSVSTSQAPIMMWVGDIVKDNSINLLDVAEVIRCFNATKGSANYVEELDINRNGAINMQDIMIVHKHFGATSSDYDAQLEHHHHHH
4AXNA,0,MSTNNTINAVAADDAAIMPSIANKKILMGFWHNWAAGASDGYQQGQFANMNLTDIPTEYNVVAVAFMKGQGIPTFKPYNLSDTEFRRQVGVLNSQGRAVLISLGGADAHIELKTGDEDKLKDEIIRLVEVYGFDGLDIDLEQAAIGAANNKTVLPAALKKVKDHYAAQGKNFIISMAPEFPYLRTNGTYLDYINALEGYYDFIAPQYYNQGGDGIWVDELNAWITQNNDAMKEDFLYYLTESLVTGTRGYAKIPAAKFVIGLPSNNDAAATGYVVNKQAVYNAFSRLDAKNLSIKGLMTWSINWDNGKSKAGVAYNWEFKTRYAPLIQ
4AXQA,0,GSHMKIYIQPLSVNSHTVEVLANSLPKIFNAEVFVLPASDVSLKCYNASRRQYNSTCILRMLPPIKVTLGVTGKDIYAKGMNFVFGEAELGGARAVLSVFRLTTADSELYRERVVKEAVHEIGHVLGLKHCSNNCVMRFSNSVQDVDRKPVSFCRECASKIRY
4FJ6A,0,GADSIYVREQQIPILIDRIDNVLYEMRIPAQKGDVLNEITIQIGDNVDLSDIQAIRLFYSGVEAPSRKGEHFSPVTYISSHIPGNTRKALESYSVRQDEVTAPLSRTVKLTSKQPMLKGINYFWVSIQMKPETSLLAKVATTMPNAQINNKPINITWKGKVDERHVGIGVRQAGDDGSAAFRIPGLVTTNNGTLLGVYDIRYNSSVDLQEKIDIGVSRSTDKGQTWEPMRVAMTFKQTDGLPHGQNGVGDPSILVDEKTNTIWVVAAWTHGMGNERAWWNSMPGMTPDETAQLMLVKSEDDGKTWSEPINITSQVKDPSWYFLLQGPGRGITMQDGTLVFPIQFIDATRVPNAGIMYSKDRGKTWHLHNLARTNTTEAQVAEVEPGVLMLNMRDNRGGSRAVATTKDLGKTWTEHPSSRSALQESVCMASLIKVNAKDNITGKDLLLFSNPNTTKGRNHITIKASLDGGLTWPTEHQVLLDEAEGWGYSCLSMIDKETVGIFYESSVAHMTFQAVKLQDLIHQ
4FIPA,0,GAAAAMSICPHIQQVFQNEKSKDGVLKTCNAARYILNHSVPKEKFLNTMKCGTCHEINSGATFMCLQCGFCGCWNHSHFLSHSKQIGHIFGINSNNGLLFCFKCEDYIGNIDLINDAILAKYWDDVCTKTMVPSMERRDGLSGLINMGNTCFMSSILQCLIHNPYFIRHSMSQIHSNNCKVRSPDKCFSCALDKIVHELYGALNTKQASSSSTSTNRQTGFIYLLTCAWKINQNLAGYSQQDAHEFWQFIINQIHQSYVLDLPNAKEVSRANNKQCECIVHTVFEGSLESSIVCPGCQNNSKTTIDPFLDLSLDIKDKKKLYECLDSFHKKEQLKDFNYHCGECNSTQDAIKQLGIHKLPSVLVLQLKRFEHLLNGSNRKLDDFIEFPTYLNMKNYCSTKEKDKHSENGKVPDIIYELIGIVSHKGTVNEGHYIAFCKISGGQWFKFNDSMVSSISQEEVLKEQAYLLFYTIRQVN
